City,State,Number of Civilian Fatalities,Number of Civilian Injured,Number of Enforcement Fatalities,Number of Enforcement Injured,Total Number of Fatalities,Total Number of Victims,Date,Day of Week,Number of shooters,Average Shooter Age,Shooter Sex,Shooter Race,Type of Gun - General,Number of Shotguns,Number of Rifles,Number of Handguns,Total Number of Guns,Number of Automatic Guns,Number of Semi-Automatic Guns,Fate of Shooter at the scene,Fate of Shooter,Shooter's Cause of Death,School Related,Place Type,Relationship to Incident Location,Targeted Victim/s - General,Possible Motive - General,History of Mental Illness - General,Military Experience,Class,LABEL
Austin,Texas,15,32,1,0,16,48,8/1/66,Monday,1,25,Male,White American or European American,Multiple guns,1,3,3,7,0,1,Deceased,Deceased,Killed,Yes,College/University/Adult education,Place of schooling,General public,Mental illness,Yes,Yes,SPK,1
Mesa,Arizona,5,1,0,0,5,6,11/12/66,Saturday,1,18,Male,White American or European American,Handgun,0,0,1,1,0,0,Custody,Custody,Not applicable,Yes,College/University/Adult education,None,Students/Classmates/Teacher,Mental illness,Yes,Unknown,MS,1
New Orleans,Louisiana,4,8,5,5,10,22,12/31/72,Sunday,1,23,Male,Black American or African American,Multiple guns,0,1,1,2,0,1,Deceased,Deceased,Killed,No,Government facility,Local government,Government,Race,Yes,Unknown,SPK,1
Chicago,Illinois,1,3,0,0,1,4,1/17/74,Thursday,1,14,Male,Unknown,Handgun,0,0,2,2,0,0,Custody,Custody,Not applicable,Yes,Primary school,Place of schooling,Students/Classmates/Teacher,Expulsion/Suspension,Yes,Unknown,MS,0
Olean,New York,3,7,0,0,3,10,12/30/74,Monday,1,17,Male,White American or European American,Multiple guns,1,1,0,2,0,0,Custody,Custody,Not applicable,Yes,Secondary school,Place of schooling,General public,Mental illness,No,Unknown,MS,1
Los Angeles,California,1,6,1,0,1,8,2/19/76,Thursday,1,18,Male,White American or European American,Shotgun,1,0,0,1,0,0,Custody,Custody,Not applicable,Yes,College/University/Adult education,Place of schooling,Students/Classmates/Teacher,Social dispute,Unknown,Unknown,MS,1
Fullerton,California,7,2,0,0,7,9,7/12/76,Monday,1,37,Male,White American or European American,Rifle,0,1,0,1,0,1,Custody,Custody,Not applicable,Yes,College/University/Adult education,Place of business/employment,Colleague/Workmate/Business acquaintance,Mental illness,Yes,Unknown,MS,1
San Diego,California,2,8,0,1,2,11,1/29/79,Monday,1,16,Female,White American or European American,Rifle,0,1,0,1,0,1,Custody,Custody,Not applicable,Yes,Primary school,Place of residency,Students/Classmates/Teacher,Mental illness,Yes,Unknown,MS,1
Columbia,South Carolina,2,5,0,0,2,7,10/6/79,Saturday,1,19,Male,Black American or African American,Handgun,0,0,1,1,0,0,Custody,Custody,Not applicable,Yes,College/University/Adult education,Place of schooling,Students/Classmates/Teacher,Unknown,Unknown,Unknown,MS,1
Las Vegas,Nevada,1,2,0,0,1,3,3/19/82,Friday,1,17,Male,White American or European American,Handgun,0,0,1,1,0,0,Custody,Custody,Not applicable,Yes,Secondary school,Place of schooling,Students/Classmates/Teacher,Multiple motives,Yes,Unknown,MS,0
Miami,Florida,8,3,0,0,9,11,8/20/82,Friday,1,51,Male,White American or European American,Shotgun,1,0,0,1,0,0,Deceased,Deceased,Killed,No,Retail/Wholesale/Services facility,Place of business/employment,Colleague/Workmate/Business acquaintance,Mental illness,Yes,Unknown,MS,1
Seattle,Washington,13,1,0,0,13,14,2/18/83,Friday,3,23,Male,Asian American,Handgun,0,0,2,2,0,0,Custody,Custody,Not applicable,No,Entertainment venue,Place of recreation,General public,Robbery,Unknown,Unknown,MS,1
Johnston,South Carolina,1,3,0,0,1,4,8/19/83,Friday,1,55,Male,White American or European American,Shotgun,1,0,0,1,0,0,Custody,Custody,Not applicable,No,Government facility,Place of business/employment,Colleague/Workmate/Business acquaintance,Multiple motives,Yes,Unknown,MS,0
Los Angeles,California,2,12,0,0,3,14,2/24/84,Friday,1,28,Male,Black American or African American,Multiple guns,2,1,0,3,0,0,Deceased,Deceased,Suicide,Yes,Primary school,Place of residency,Students/Classmates/Teacher,Multiple motives,Yes,Unknown,MS,1
Dallas,Texas,6,1,0,0,6,7,6/29/84,Friday,1,39,Male,White American or European American,Handgun,0,0,1,1,0,1,Custody,Custody,Not applicable,No,Entertainment venue,Place of recreation,Social,Social dispute,Yes,Unknown,MS,1
San Ysidro,California,21,19,0,0,22,40,7/18/84,Wednesday,1,41,Male,White American or European American,Multiple guns,1,0 (1),2 (1),3,1(0),1(2),Deceased,Deceased,Killed,No,Restaurant/Cafe?,Place of recreation,General public,Multiple motives,Yes,Unknown,MS,1
Goddard,Kansas,1,3,0,0,1,4,1/21/85,Monday,1,14,Male,White American or European American,Multiple guns,0,1,1,2,0,1,Custody,Custody,Not applicable,Yes,Primary school,Place of schooling,Students/Classmates/Teacher,Harassment,Yes,Unknown,MS,0
Atlanta,Georgia,2,1,0,0,2,3,3/6/85,Wednesday,1,30,Male,Black American or African American,Handgun,0,0,1,1,0,1,Custody,Custody,Not applicable,No,Government facility,Place of business/employment,Colleague/Workmate/Business acquaintance,Mental illness,Yes,Unknown,MS,0
Brooklyn,New York,1,4,0,0,1,5,8/12/86,Tuesday,1,29,Male,Black American or African American,Handgun,0,0,2,2,0,1,Custody,Custody,Not applicable,Yes,College/University/Adult education,Place of schooling,Students/Classmates/Teacher and Government,Mental illness,Yes,Unknown,MS,1
Edmond,Oklahoma,14,6,0,0,15,20,8/20/86,Wednesday,1,44,Male,White American or European American,Handgun,0,0,3,3,0,3,Deceased,Deceased,Suicide,No,Government facility,Place of business/employment,Colleague/Workmate/Business acquaintance,Multiple motives,Yes,Unknown,MS,1
Lewistown,Montana,1,3,0,0,1,4,12/4/86,Thursday,1,14,Male,White American or European American,Handgun,0,0,1,1,0,0,Custody,Custody,Not applicable,Yes,Secondary school,Place of schooling,Students/Classmates/Teacher,Failure,Yes,Unknown,MS,0
Palm Bay,Florida,4,14,2,0,6,20,4/23/87,Thursday,1,59,Male,White American or European American,Multiple guns,1,1,1,3,0,1,Custody,Custody,Not applicable,No,Retail/Wholesale/Services facility,Place of residency,General public,Mental illness,Yes,Unknown,SPK,1
Pinellas Park,Florida,1,2,0,0,1,3,2/11/88,Thursday,2,15.5,Male,White American or European American,Multiple guns,0,0,2,2,0,0,Custody,Custody,Not applicable,Yes,Secondary school,Place of schooling,Students/Classmates/Teacher,Expulsion/Suspension,No,Unknown,MS,0
Sunnyvale,California,7,4,0,0,7,11,2/16/88,Tuesday,1,39,Male,White American or European American,Multiple guns,2,1,4,7,0,3,Custody,Custody,Not applicable,No,Company/Factory/Office,Place of business/employment,Colleague/Workmate/Business acquaintance,Rejection,Yes,Unknown,MS,1
Winnetka,Illinois,1,7,0,0,2,8,5/20/88,Friday,1,30,Female,White American or European American,Multiple guns,0,0,2,2,0,1,Deceased,Deceased,Suicide,Yes,Primary school,Place of residency,Students/Classmates/Teacher,Mental illness,Yes,Unknown,MS,1
Chicago,Illinois,3,1,1,1,5,6,9/22/88,Thursday,1,40,Male,Black American or African American,Handgun,0,0,1,1,0,0,Deceased,Deceased,Killed,Yes,Retail/ Wholesale/Services facility and Primary school,Place of residency,General public and Government,Mental illness,No,Yes,SPK,1
Greenwood,South Carolina,2,9,0,0,2,11,9/26/88,Monday,1,19,Male,White American or European American,Handgun,0,0,1,1,0,0,Custody,Custody,Not applicable,Yes,Primary school,Place of schooling,Students/Classmates/Teacher,Mental illness,Yes,Unknown,MS,1
New Orleans,Louisiana,0,3,0,1,0,4,12/14/88,Wednesday,1,39,Male,Unknown,Shotgun,1,0,0,1,0,0,Custody,Custody,Not applicable,No,Government facility,Place of business/employment,Colleague/Workmate/Business acquaintance,Rejection,Unknown,Unknown,MS,0
Stockton,California,5,30,0,0,6,35,1/17/89,Tuesday,1,24,Male,White American or European American,Multiple guns,0,1,1,2,0,2,Deceased,Deceased,Suicide,Yes,Primary school,Place of schooling,Students/Classmates/Teacher,Race,Yes,Unknown,MS,1
Escondido,California,3,1,0,0,4,4,8/10/89,Thursday,1,52,Male,White American or European American,Handgun,0,0,1,1,0,1,Deceased,Deceased,Suicide,No,Government facility,Place of business/employment,Colleague/Workmate/Business acquaintance and Family,Unknown,No,Yes,MS,0
Louisville,Kentucky,8,12,0,0,9,20,9/14/89,Thursday,1,47,Male,White American or European American,Multiple guns,0,2,4,6,0,4,Deceased,Deceased,Suicide,No,Company/Factory/Office,Place of business/employment,Colleague/Workmate/Business acquaintance,Terminated/Denied/Reprimanded,Yes,Unknown,MS,1
Jacksonville,Florida,11,6,0,0,12,17,6/17/90,Sunday,1,42,Male,Black American or African American,Multiple guns,0,1,1,2,0,1,Deceased,Deceased,Suicide,No,Company/Factory/Office,Place of business/employment,General public,Robbery,No,Unknown,SPK,1
Iowa City,Iowa,5,1,0,0,6,6,11/1/91,Friday,1,28,Male,Asian American,Handgun,0,0,1,1,0,0,Deceased,Deceased,Suicide,Yes,College/University/Adult education,Place of schooling,Students/Classmates/Teacher,Failure,No,No,MS,1
Ridgewood,New Jersey,3,0,0,0,3,3,10/10/91,Thursday,1,35,Male,Black American or African American,Multiple guns,0,1,1,2,2,0,Custody,Custody,Not applicable,No,Government facility,Place of business/employment,Colleague/Workmate/Business acquaintance,Terminated/Denied/Reprimanded,Yes,Yes,MS,0
Killeen,Texas,23,20,0,0,24,43,10/16/91,Wednesday,1,35,Male,White American or European American,Handgun,0,0,2,2,0,2,Deceased,Deceased,Suicide,No,Restaurant/Cafe?,Place of recreation,General public,Unknown,Yes,Yes,MS,1
Royal Oak,Michigan,4,5,0,0,5,9,11/14/91,Thursday,1,31,Male,White American or European American,Rifle,0,1,0,1,0,1,Deceased,Deceased,Suicide,No,Government facility,Place of business/employment,Colleague/Workmate/Business acquaintance,Terminated/Denied/Reprimanded,Yes,Yes,MS,1
Olivehurst,California,4,10,0,0,4,14,5/1/92,Friday,1,20,Male,White American or European American,Multiple guns,1,1,0,2,0,1,Custody,Custody,Not applicable,Yes,Secondary school,Place of schooling,Students/Classmates/Teacher,Failure,Yes,No,MS,1
Amarillo,Texas,0,6,0,0,0,6,9/11/92,Friday,1,17,Male,Unknown,Handgun,0,0,1,1,0,1,Custody,Custody,Not applicable,Yes,Secondary school,Place of schooling,Students/Classmates/Teacher,Social dispute,Unknown,Unknown,MS,1
Watkins Glen,New York,4,0,0,0,5,4,10/15/92,Thursday,1,50,Male,White American or European American,Handgun,0,0,1,1,0,1,Deceased,Deceased,Suicide,No,Government facility,Place of business/employment,Government,Financial dispute,No,Yes,MS,0
Great Barrington,Massachusetts,2,4,0,0,2,6,12/14/92,Monday,1,18,Male,Asian American,Rifle,0,1,0,1,0,1,Custody,Custody,Not applicable,Yes,College/University/Adult education,Place of schooling,Students/Classmates/Teacher,Terminated/Denied/Reprimanded,No,Unknown,MS,1
San Francisco,California,8,6,0,0,9,14,7/1/93,Thursday,1,55,Male,White American or European American,Handgun,0,0,3,3,0,3,Deceased,Deceased,Suicide,No,Company/Factory/Office,Place of business/employment,Colleague/Workmate/Business acquaintance,Financial dispute,No,Unknown,MS,1
Dearborn,Michigan,1,2,0,0,2,3,5/6/93,Thursday,1,45,Male,Unknown,Multiple guns,1,0,1,2,0,0,Deceased,Deceased,Suicide,No,Government facility,Place of business/employment,Colleague/Workmate/Business acquaintance,Multiple motives,Unknown,Unknown,MS,0
Dana Point,California,1,5,0,0,1,6,5/6/93,Thursday,1,38,Male,White American or European American,Handgun,0,0,1,1,0,1,Custody,Custody,Not applicable,No,Government facility,Place of business/employment,Colleague/Workmate/Business acquaintance,Multiple motives,Yes,Yes,MS,1
Ogden,Utah,0,2,0,1,1,3,7/8/93,Tuesday,1,28,Male,Asian American,Handgun,0,0,1,1,0,1,Deceased,Deceased,Killed,Yes,College/University/Adult education,Place of schooling,Students/Classmates/Teacher,Expulsion/Suspension,No,Unknown,MS,0
Fayetteville,North Carolina,4,8,0,0,4,12,8/6/93,Friday,1,22,Male,White American or European American,Multiple guns,2,1,0,3,0,1,Custody,Custody,Not applicable,No,Restaurant/Cafe?,Place of recreation,General public,Multiple motives,No,Yes,MS,1
Sheridan,Wyoming,0,4,0,0,1,4,9/17/93,Friday,1,29,Male,White American or European American,Multiple guns,0,1,1,2,0,1,Deceased,Deceased,Suicide,Yes,Primary school,Place of residency,Students/Classmates/Teacher,Unknown,No,Yes,MS,0
Garden City,New York,6,19,0,0,6,25,12/7/93,Tuesday,1,34,Male,Black American or African American,Handgun,0,0,1,1,0,1,Custody,Custody,Not applicable,No,Public transportation,Place of residency,General public,Race,No,Unknown,MS,1
Aurora,Colorado,4,1,0,0,4,5,12/14/93,Tuesday,1,19,Male,Black American or African American,Handgun,0,0,1,1,0,1,Custody,Custody,Not applicable,No,Restaurant/Cafe?,Place of business/employment,Colleague/Workmate/Business acquaintance,Terminated/Denied/Reprimanded,Yes,Unknown,MS,1
Chelsea,Michigan,1,2,0,0,1,3,12/16/93,Thursday,1,39,Male,White American or European American,Handgun,0,0,1,1,0,1,Custody,Custody,Not applicable,Yes,Secondary school,Place of business/employment,Students/Classmates/Teacher,Terminated/Denied/Reprimanded,Yes,Unknown,MS,0
Union,Kentucky,4,0,0,0,4,4,5/26/94,Thursday,1,17,Male,White American or European American,Handgun,0,0,1,1,0,1,Custody,Custody,Not applicable,Yes,Residential home/Neighborhood,Place of residency,Family,Terminated/Denied/Reprimanded,No,Unknown,MS,0
Fairchild Air Force Base,Washington,4,23,0,0,5,27,6/20/94,Monday,1,20,Male,White American or European American,Rifle,0,1,0,1,0,1,Deceased,Deceased,Killed,No,Military facility,Place of business/employment,Colleague/Workmate/Business acquaintance,Terminated/Denied/Reprimanded,Yes,Yes,MS,1
Wickliffe,Ohio,1,3,0,0,1,4,11/7/94,Monday,1,37,Male,White American or European American,Shotgun,1,0,0,1,0,0,Custody,Custody,Not applicable,Yes,Primary school,Place of schooling,Students/Classmates/Teacher,Mental illness,Yes,Unknown,MS,0
Chapel Hill,North Carolina,2,2,0,0,2,4,1/26/95,Thursday,1,26,Male,White American or European American,Rifle,0,1,0,1,0,1,Custody,Custody,Not applicable,No,Street/Highway,Place of residency,General public,Mental illness,Yes,Unknown,MS,0
Montclair,New Jersey,4,1,0,0,4,5,3/21/95,Tuesday,1,29,Male,White American or European American,Handgun,0,0,1,1,0,1,Escaped,Custody,Not applicable,No,Government facility,Place of business/employment,Colleague/Workmate/Business acquaintance,Robbery,No,Unknown,MS,1
Corpus Christi,Texas,5,0,0,0,6,5,4/3/95,Monday,1,28,Male,Unknown,Handgun,0,0,2,2,0,1,Deceased,Deceased,Suicide,No,Company/Factory/Office,Place of business/employment,Colleague/Workmate/Business acquaintance,Terminated/Denied/Reprimanded,No,Unknown,MS,1
Lynnville,Tennessee,2,1,0,0,2,3,11/15/95,Wednesday,1,17,Male,White American or European American,Rifle,0,1,0,1,0,1,Custody,Custody,Not applicable,Yes,Secondary school,Place of schooling,Students/Classmates/Teacher,Multiple motives,Yes,Unknown,MS,0
Moses Lake,Washington,3,1,0,0,3,4,2/2/96,Friday,1,14,Male,White American or European American,Multiple guns,0,1,2,3,0,1,Custody,Custody,Not applicable,Yes,Primary school,Place of schooling,Students/Classmates/Teacher,Multiple motives,Yes,Unknown,MS,0
Fort Lauderdale,Florida,6,0,0,0,7,6,2/9/96,Friday,1,41,Male,Black American or African American,Handgun,0,0,1,1,0,1,Deceased,Deceased,Suicide,No,Government facility,Place of business/employment,Colleague/Workmate/Business acquaintance,Terminated/Denied/Reprimanded,No,Yes,MS,1
San Diego,California,3,0,0,0,3,3,8/15/96,Thursday,1,36,Male,White American or European American,Handgun,0,0,1,1,0,1,Custody,Custody,Not applicable,Yes,College/University/Adult education,Place of schooling,Students/Classmates/Teacher,Failure,No,Yes,MS,0
Bethel,Alaska,2,2,0,0,2,4,2/19/97,Wednesday,1,16,Male,White American or European American,Shotgun,1,0,0,1,0,0,Custody,Custody,Not applicable,Yes,Secondary school,Place of schooling,Students/Classmates/Teacher,Harassment,Yes,Unknown,MS,0
Aiken,South Carolina,4,3,0,0,4,7,9/15/97,Monday,1,43,Male,Black American or African American,Handgun,0,0,1,1,0,1,Custody,Custody,Not applicable,No,Company/Factory/Office,Place of business/employment,Colleague/Workmate/Business acquaintance,Terminated/Denied/Reprimanded,No,Unknown,MS,1
Pearl,Mississippi,2,7,0,0,2,9,10/1/97,Wednesday,1,16,Male,White American or European American,Rifle,0,1,0,1,0,0,Custody,Custody,Not applicable,Yes,Secondary school,Place of schooling,Students/Classmates/Teacher,Social dispute,Yes,Unknown,MS,1
West Paducah,Kentucky,3,5,0,0,3,8,12/1/97,Monday,1,14,Male,White American or European American,Multiple guns,1,1,1,3,0,1,Custody,Custody,Not applicable,Yes,Secondary school,Place of schooling,Students/Classmates/Teacher,Mental illness,Yes,Unknown,MS,1
Milwaukee,Wisconsin,1,2,0,0,2,3,12/19/97,Thursday,1,37,Male,Black American or African American,Handgun,0,0,1,1,0,1,Deceased,Deceased,Suicide,No,Government facility,Place of business/employment,Colleague/Workmate/Business acquaintance,Multiple motives,No,Yes,MS,0
Orange,California,4,1,0,1,5,6,12/18/97,Thursday,1,41,Male,Some other race,Rifle,0,1,0,1,0,1,Deceased,Deceased,Killed,No,Company/Factory/Office,Place of business/employment,Colleague/Workmate/Business acquaintance,Terminated/Denied/Reprimanded,No,Unknown,MS,1
Newington,Connecticut,4,0,0,0,5,4,3/6/98,Friday,1,35,Male,White American or European American,Handgun,0,0,1,1,0,1,Deceased,Deceased,Suicide,No,Company/Factory/Office,Place of business/employment,Colleague/Workmate/Business acquaintance,Terminated/Denied/Reprimanded,Yes,Unknown,MS,0
Jonesboro,Arkansas,5,10,0,0,5,15,3/24/98,Tuesday,2,12,Male,White American or European American,Multiple guns,0,3,7,10,0,1,Custody,Custody,Not applicable,Yes,Primary school,Place of schooling,Students/Classmates/Teacher,Rejection,No,Unknown,MS,1
Edinboro,Pennsylvania,1,3,0,0,1,4,4/24/98,Friday,1,14,Male,White American or European American,Handgun,0,0,1,1,0,1,Custody,Custody,Not applicable,Yes,Restaurant/Cafe?,Place of recreation,Students/Classmates/Teacher,Mental illness,Yes,Unknown,MS,0
Springfield,Oregon,4,25,0,0,4,29,5/21/98,Thursday,1,15,Male,White American or European American,Multiple guns,0,1,2,3,0,1,Custody,Custody,Not applicable,Yes,Secondary school,Place of schooling,Students/Classmates/Teacher,Mental illness,Yes,Unknown,SPK,1
Riverside,California,0,3,0,3,0,6,10/6/98,Tuesday,1,48,Male,Black American or African American,Handgun,0,0,1,1,0,1,Custody,Custody,Not applicable,No,Government facility,Local government,Government,Terminated/Denied/Reprimanded,No,Unknown,MS,1
Littleton,Colorado,13,24,0,0,15,37,4/20/99,Tuesday,2,17.5,Male,White American or European American,Multiple guns,2,1,1,4,0,1,Deceased,Deceased,Suicide,Yes,Secondary school,Place of schooling,Students/Classmates/Teacher,Multiple motives,Yes,Unknown,MS,1
Conyers,Georgia,0,6,0,0,0,6,5/20/99,Thursday,1,15,Male,White American or European American,Multiple guns,0,1,1,2,0,1,Custody,Custody,Not applicable,Yes,Secondary school,Place of schooling,Students/Classmates/Teacher,Rejection,No,Unknown,MS,1
Atlanta,Georgia,9,12,0,0,10,21,7/29/99,Thursday,1,44,Male,White American or European American,Handgun,0,0,4,4,0,3,Deceased,Deceased,Suicide,No,Company/Factory/Office,Place of business/employment,Colleague/Workmate/Business acquaintance,Financial dispute,Yes,Unknown,"SPK,FMS",1
Fort Worth,Texas,7,7,0,0,8,14,9/15/99,Wednesday,1,47,Male,White American or European American,Handgun,0,0,2,2,0,2,Deceased,Deceased,Suicide,No,Place of worship,Place of residency,Racial/Religious group,Political/Religious ideals,Yes,Unknown,MS,1
Honolulu,Hawaii,7,0,0,0,7,7,11/2/99,Tuesday,1,40,Male,Asian American,Handgun,0,0,1,1,0,1,Escaped,Custody,Not applicable,No,Company/Factory/Office,Place of business/employment,Colleague/Workmate/Business acquaintance,Multiple motives,Yes,Unknown,MS,1
Fort Gibson,Oklahoma,0,4,0,0,0,4,12/6/99,Monday,1,13,Male,White American or European American,Handgun,0,0,1,1,0,1,Custody,Custody,Not applicable,Yes,Primary school,Place of schooling,Students/Classmates/Teacher,Unknown,No,Unknown,MS,0
Tampa,Florida,5,3,0,0,5,8,12/30/99,Thursday,1,36,Male,Some other race,Handgun,0,0,2,2,0,2,Custody,Custody,Not applicable,No,Retail/Wholesale/Services facility,Place of business/employment,Colleague/Workmate/Business acquaintance,Unknown,No,Unknown,MS,1
Boston,Massachusetts,7,0,0,0,7,7,12/26/00,Tuesday,1,42,Male,Some other race,Multiple guns,1,1,1,3,0,1,Custody,Custody,Not applicable,No,Company/Factory/Office,Place of business/employment,Colleague/Workmate/Business acquaintance,Financial dispute,No,Yes,MS,1
Melrose Park,Illinois,5,4,0,0,6,9,2/5/01,Monday,1,66,Male,Black American or African American,Multiple guns,1,2,1,4,0,1,Deceased,Deceased,Suicide,No,Company/Factory/Office,Place of business/employment,Colleague/Workmate/Business acquaintance,Terminated/Denied/Reprimanded,No,Unknown,MS,1
San Diego,California,2,13,0,0,2,15,3/5/01,Monday,1,15,Male,White American or European American,Handgun,0,0,1,1,0,0,Custody,Custody,Not applicable,Yes,Secondary school,Place of schooling,Students/Classmates/Teacher,Harassment,No,Unknown,MS,1
Grundy,Virginia,3,3,0,0,3,6,1/16/02,Wednesday,1,43,Male,Black American or African American,Handgun,0,0,1,1,0,1,Custody,Custody,Not applicable,Yes,College/University/Adult education,Place of schooling,Students/Classmates/Teacher,Failure,No,Unknown,MS,1
Tucson,Arizona,3,0,0,0,4,3,10/28/02,Monday,1,41,Male,Some other race,Handgun,0,0,5,5,0,1,Deceased,Deceased,Suicide,Yes,College/University/Adult education,Place of schooling,Students/Classmates/Teacher,Failure,No,Unknown,MS,0
Cleveland,Ohio,1,2,0,0,1,3,5/9/03,Friday,1,62,Male,Asian American,Handgun,0,0,2,2,0,1,Custody,Custody,Not applicable,Yes,College/University/Adult education,Place of schooling,Students/Classmates/Teacher,Legal dispute,No,Unknown,MS,0
Meridian,Mississippi,6,8,0,0,7,14,7/8/03,Tuesday,1,48,Male,White American or European American,Multiple guns,1,1,0,2,0,1,Deceased,Deceased,Suicide,No,Company/Factory/Office,Place of business/employment,Colleague/Workmate/Business acquaintance,Multiple motives,No,Unknown,MS,1
Chicago,Illinois,6,0,0,0,7,6,8/27/03,Wednesday,1,36,Male,Some other race,Handgun,0,0,1,1,0,1,Deceased,Deceased,Killed,No,Company/Factory/Office,Place of business/employment,Colleague/Workmate/Business acquaintance,Terminated/Denied/Reprimanded,No,Unknown,MS,1
Birchwood,Wisconsin,6,2,0,0,6,8,11/21/04,Sunday,1,36,Male,Asian American,Rifle,0,1,0,1,0,1,Custody,Custody,Not applicable,No,Park/Wildness,Place of recreation,Social,Social dispute,No,Yes,MS,1
Columbus,Ohio,4,7,0,0,5,11,12/8/04,Wednesday,1,25,Male,White American or European American,Handgun,0,0,1,1,0,1,Deceased,Deceased,Killed,No,Entertainment venue,Place of recreation,General public,Multiple motives,Yes,Unknown,MS,1
Brookfield,Wisconsin,7,4,0,0,8,11,3/12/05,Saturday,1,44,Male,White American or European American,Handgun,0,0,1,1,0,1,Deceased,Deceased,Suicide,No,Place of worship,Place of residency,Racial/Religious group,Political/Religious ideals,No,Unknown,MS,1
Red Lake,Minnesota,8,5,1,0,10,14,3/21/05,Monday,1,16,Male,Native American or Alaska Native,Multiple guns,1,0,2,3,0,1,Deceased,Deceased,Suicide,Yes,Secondary school,Place of schooling,Students/Classmates/Teacher,Expulsion/Suspension,Yes,Unknown,"SPK,FMS",1
Goleta,California,7,0,0,0,8,7,1/30/06,Monday,1,44,Female,White American or European American,Handgun,0,0,1,1,0,1,Deceased,Deceased,Suicide,No,Government facility,Place of business/employment,Colleague/Workmate/Business acquaintance,Mental illness,Yes,Unknown,SPK,1
Seattle,Washington,6,2,0,0,7,8,3/25/06,Saturday,1,28,Male,White American or European American,Multiple guns,1,0,1,2,0,1,Deceased,Deceased,Suicide,No,Residential home/Neighborhood,Place of recreation,General public,Multiple motives,No,Unknown,MS,1
Essex Junction,Vermont,2,2,0,0,2,4,8/24/06,Thursday,1,26,Male,Black American or African American,Handgun,0,0,1,1,0,1,Custody,Custody,Not applicable,Yes,Residential home/Neighborhood,Place of residency,Romantic partner,Domestic dispute,Yes,Unknown,MS,0
Hillsborough,North Carolina,1,2,0,0,1,3,8/30/06,Wednesday,1,18,Male,Some other race,Multiple guns,1,1,0,2,0,1,Custody,Custody,Not applicable,Yes,Secondary school,Place of schooling,Students/Classmates/Teacher,Mental illness,Yes,Unknown,SPK,0
Pittsburgh,Pennsylvania,0,5,0,0,0,5,9/17/06,Sunday,1,18,Male,Black American or African American,Handgun,0,0,2,2,0,1,Escaped,Custody,Not applicable,Yes,College/University/Adult education,Place of recreation,Students/Classmates/Teacher,Social dispute,Unknown,Unknown,MS,1
Lancaster,Pennsylvania,5,5,0,0,6,10,10/2/06,Monday,1,32,Male,White American or European American,Multiple guns,1,1,1,3,0,1,Deceased,Deceased,Suicide,Yes,Primary school,None,Students/Classmates/Teacher,Multiple motives,Unknown,Unknown,MS,1
Salt Lake City,Utah,5,4,0,0,6,9,2/12/07,Monday,1,18,Male,White American or European American,Multiple guns,1,0,1,2,0,0,Deceased,Deceased,Killed,No,Retail/ Wholesale/Services facility,Place of recreation,General public,Political/Religious ideals,Unknown,Unknown,MS,1
Gresham,Oregon,0,10,0,0,0,10,4/10/07,Tuesday,1,15,Male,Some other race,Rifle,0,1,0,1,0,0,Custody,Custody,Not applicable,Yes,Secondary school,Place of schooling,Students/Classmates/Teacher,Multiple motives,No,Unknown,MS,1
Blacksburg,Virginia,32,17,0,0,33,49,4/16/07,Monday,1,23,Male,Asian American,Handgun,0,0,2,2,0,2,Deceased,Deceased,Suicide,Yes,College/University/Adult education,Place of schooling,Students/Classmates/Teacher,Mental illness,Yes,Unknown,MS,1
Crandon,Wisconsin,6,1,0,0,7,7,10/7/07,Sunday,1,20,Male,White American or European American,Rifle,0,1,0,1,0,1,Deceased,Deceased,Suicide,No,Residential home/Neighborhood,Place of recreation,Social,Social dispute,No,Unknown,MS,1
Cleveland,Ohio,0,4,0,0,1,4,10/11/07,Thursday,1,14,Male,White American or European American,Handgun,0,0,2,2,0,0,Deceased,Deceased,Suicide,Yes,Secondary school,Place of schooling,Students/Classmates/Teacher,Expulsion/Suspension,Yes,Unknown,MS,0
Saginaw,Michigan,0,4,0,0,0,4,10/25/07,Thursday,1,15,Male,Black American or African American,Rifle,0,1,0,1,0,0,Escaped,Custody,Not applicable,Yes,Primary school,Place of residency,Students/Classmates/Teacher,Social dispute,No,Unknown,MS,0
Omaha,Nebraska,8,4,0,0,9,12,12/5/07,Wednesday,1,19,Male,White American or European American,Rifle,0,1,0,1,0,1,Deceased,Deceased,Suicide,No,Retail/Wholesale/Services facility,Place of residency,General public,Mental illness,Yes,Unknown,MS,1
Arvada,Colorado,4,5,0,0,5,9,12/9/07,Sunday,1,24,Male,White American or European American,Multiple guns,0,1,2,3,0,3,Deceased,Deceased,Suicide,No,Place of worship,Place of residency,Racial/Religious group,Political/Religious ideals,No,Unknown,SPK,1
Las Vegas,Nevada,0,6,0,0,0,6,12/11/07,Tuesday,1,18,Male,Black American or African American,Handgun,0,0,2,2,0,1,Escaped,Custody,Not applicable,Yes,Street/Highway,Place of schooling,Students/Classmates/Teacher,Social dispute,No,Unknown,MS,1
Carnation,Washington,6,0,0,0,6,6,12/24/07,Monday,2,29,Male/Female,White American or European American,Handgun,0,0,2,2,0,2,Custody,Custody,Not applicable,No,Residential home/Neighborhood,Place of residency,Family,Financial dispute,No,Unknown,MS,1
Kirkwood,Missouri,3,2,2,0,6,7,2/7/08,Thursday,1,52,Male,Black American or African American,Handgun,0,0,2,2,0,1,Deceased,Deceased,Killed,No,Government facility,Place of business/employment,Government,Legal dispute,No,Unknown,MS,1
DeKalb,Illinois,5,17,0,0,6,22,2/14/08,Thursday,1,27,Male,White American or European American,Multiple guns,1,0,3,4,0,1,Deceased,Deceased,Suicide,Yes,College/University/Adult education,Place of schooling,Students/Classmates/Teacher,Mental illness,Yes,Unknown,MS,1
Henderson,Kentucky,6,1,0,0,7,7,6/25/08,Wednesday,1,25,Male,White American or European American,Handgun,0,0,1,1,0,1,Deceased,Deceased,Suicide,No,Company/Factory/Office,Place of business/employment,Colleague/Workmate/Business acquaintance,Terminated/Denied/Reprimanded,No,Unknown,MS,1
Phoenix,Arizona,0,3,0,0,0,3,7/24/08,Thursday,1,24,Male,Black American or African American,Handgun,0,0,1,1,0,1,Custody,Custody,Not applicable,Yes,College/University/Adult education,Place of schooling,Students/Classmates/Teacher,Harassment,No,Unknown,MS,0
Conway,Arkansas,2,1,0,0,0,3,10/26/08,Sunday,4,19.5,Male,Black American or African American,Handgun,0,0,1,1,0,1,Custody,Custody,Not applicable,Yes,College/University/Adult education,Place of residency,Students/Classmates/Teacher,Unknown,No,Unknown,MS,0
Covina,California,9,2,0,0,10,11,12/24/08,Wednesday,1,45,Male,White American or European American,Handgun,0,0,4,4,0,4,Deceased,Deceased,Suicide,No,Residential home/Neighborhood,Place of residency,Family,Multiple motives,No,Unknown,FMS,1
Geneva,Alabama,10,6,0,0,11,16,3/10/09,Tuesday,1,28,Male,White American or European American,Multiple guns,1,2,1,4,0,3,Deceased,Deceased,Suicide,No,Residential home/Neighborhood  and Street/Highway,Place of residency,Family,Legal dispute,No,Unknown,"SPK,FMS",1
Santa Clara,California,5,1,0,0,6,6,3/29/09,Sunday,1,42,Male,Asian American,Handgun,0,0,2,2,0,2,Deceased,Deceased,Suicide,No,Residential home/Neighborhood,Place of residency,Family,Domestic dispute,No,Unknown,FMS,1
Carthage,North Carolina,8,1,0,1,8,10,3/29/09,Sunday,1,45,Male,White American or European American,Multiple guns,1,0,2,3,0,1,Custody,Custody,Not applicable,No,Medical/Care,Place of business/employment,Romantic partner,Multiple motives,Yes,Unknown,MS,1
Binghamton,New York,13,4,0,0,14,17,4/3/09,Friday,1,41,Male,Asian American,Handgun,0,0,2,2,0,2,Deceased,Deceased,Suicide,Yes,College/University/Adult education,Place of schooling,Students/Classmates/Teacher,Mental illness,Yes,Unknown,MS,1
Fort Hood,Texas,13,32,0,0,13,45,11/5/09,Thursday,1,39,Male,White American or European American,Handgun,0,0,3,3,0,2,Custody,Custody,Not applicable,No,Military facility,Place of business/employment,Colleague/Workmate/Business acquaintance,Political/Religious ideals,Yes,Yes,MS,1
Lakewood,Washington,0,0,4,0,5,4,11/29/09,Sunday,1,37,Male,Black American or African American,Handgun,0,0,2,2,0,1,Deceased,Deceased,Killed,No,Restaurant/Cafe?,None,Government,Mental illness,Yes,Unknown,MS,0
Huntsville,Alabama,3,3,0,0,0,6,2/12/10,Friday,1,44,Female,White American or European American,Handgun,0,0,1,1,0,1,Custody,Custody,Not applicable,Yes,College/University/Adult education,Place of business/employment,Colleague/Workmate/Business acquaintance,Terminated/Denied/Reprimanded,No,Unknown,MS,1
Manchester,Connecticut,8,2,0,0,9,10,8/3/10,Tuesday,1,34,Male,Black American or African American,Handgun,0,0,2,2,0,2,Deceased,Deceased,Suicide,No,Company/Factory/Office,Place of business/employment,Colleague/Workmate/Business acquaintance,Terminated/Denied/Reprimanded,Unknown,Unknown,MS,1
Tucson,Arizona,6,13,0,0,6,19,1/8/11,Saturday,1,22,Male,White American or European American,Handgun,0,0,1,1,0,1,Custody,Custody,Not applicable,No,Retail/Wholesale/Services facility,None,Government,Multiple motives,Yes,Unknown,MS,1
Youngstown,Ohio,1,11,0,0,1,12,2/6/11,Sunday,3,20,Male,Black American or African American,Handgun,0,0,3,3,0,3,Custody,Custody,Not applicable,Yes,College/University/Adult education,Place of recreation,Social,Social dispute,Unknown,Unknown,MS,1
Opelika,Alabama,1,3,0,0,1,4,4/6/11,Wednesday,1,34,Male,White American or European American,Handgun,0,0,1,1,0,1,Custody,Custody,Not applicable,Yes,College/University/Adult education,Place of schooling,Romantic partner,Domestic dispute,Yes,Unknown,MS,0
Grand Rapids,Michigan,7,2,0,0,8,9,7/7/11,Thursday,1,34,Male,Black American or African American,Handgun,0,0,1,1,0,1,Deceased,Deceased,Suicide,No,Residential home/Neighborhood,Place of residency,Romantic partner,Domestic dispute,Yes,Unknown,FMS,1
Carson City,Nevada,4,7,0,0,5,11,9/6/11,Tuesday,1,32,Male,Some other race,Rifle,0,1,0,1,1,0,Deceased,Deceased,Suicide,No,Restaurant/Cafe?,None,General public,Mental illness,Yes,Unknown,MS,1
Seal Beach,California,8,1,0,0,8,9,10/12/11,Friday,1,41,Male,White American or European American,Handgun,0,0,3,3,0,2,Escaped,Custody,Not applicable,No,Retail/Wholesale/Services facility,Place of business/employment,Romantic partner,Domestic dispute,Yes,Unknown,MS,1
Norcross,Georgia,4,0,0,0,5,4,2/22/12,Wednesday,1,59,Male,Asian American,Handgun,0,0,1,1,0,1,Deceased,Deceased,Suicide,No,Retail/Wholesale/Services facility,Place of business/employment,Family,Financial dispute,Yes,Unknown,FMS,0
Chardon,Ohio,3,3,0,0,3,6,2/27/12,Monday,1,17,Male,White American or European American,Handgun,0,0,1,1,0,1,Custody,Custody,Not applicable,Yes,Secondary school,Place of schooling,Students/Classmates/Teacher,Unknown,Yes,Unknown,MS,1
Oakland,California,7,3,0,0,7,10,4/2/12,Monday,1,43,Male,Asian American,Handgun,0,0,1,1,0,1,Custody,Custody,Not applicable,Yes,College/University/Adult education,Place of schooling,Students/Classmates/Teacher,Multiple motives,Yes,Unknown,MS,1
Tulsa,Oklahoma,3,2,0,0,3,5,4/6/12,Friday,2,25,Male,White American or European American,Unknown,Unknown,Unknown,Unknown,1,Unknown,Unknown,Custody,Custody,Not applicable,No,Street/Highway,None,Racial/Religious group,Race,No,Unknown,MS,1
Seattle,Washington,5,1,0,0,6,6,5/30/12,Wednesday,1,40,Male,White American or European American,Handgun,0,0,2,2,0,2,Deceased,Deceased,Suicide,No,Retail/Wholesale/Services facility,Place of business/employment,General public,Multiple motives,Yes,Yes,MS,1
Auburn,Alabama,3,3,0,0,3,6,6/9/12,Saturday,1,22,Male,Black American or African American,Handgun,0,0,1,1,0,1,Escaped,Custody,Not applicable,No,Residential home/Neighborhood,Place of recreation,Social,Social dispute,Unknown,Unknown,MS,1
Denver,Colorado,12,58,0,0,12,70,7/20/12,Friday,1,24,Male,White American or European American,Multiple guns,1,1,2,4,0,3,Custody,Custody,Not applicable,No,Entertainment venue,Place of recreation,General public,Multiple motives,Yes,Unknown,MS,1
Oak Creek,Wisconsin,6,4,0,0,7,10,8/5/12,Sunday,1,40,Male,White American or European American,Handgun,0,0,1,1,0,1,Deceased,Deceased,Suicide,No,Place of worship,None,Racial/Religious group,Multiple motives,No,Yes,MS,1
Minneapolis,Minnesota,6,2,0,0,7,8,9/27/12,Thursday,1,36,Male,White American or European American,Handgun,0,0,1,1,0,1,Deceased,Deceased,Suicide,No,Company/Factory/Office,Place of business/employment,Colleague/Workmate/Business acquaintance,Terminated/Denied/Reprimanded,Yes,Unknown,MS,1
Miami,Florida,0,15,0,0,0,15,9/28/12,Sunday,1,17,Male,Black American or African American,Handgun,0,0,2,2,Unknown,Unknown,Custody,Custody,Not applicable,No,Entertainment venue,Place of recreation,Students/Classmates/Teacher,Social dispute,Unknown,Unknown,MS,1
Brookfield,Wisconsin,3,4,0,0,4,7,10/21/12,Sunday,1,45,Male,Black American or African American,Handgun,0,0,1,1,0,1,Deceased,Deceased,Suicide,No,Retail/Wholesale/Services facility,Place of business/employment,Romantic partner,Domestic dispute,No,Yes,FMS,1
Happy Valley,Oregon,2,1,0,0,3,3,12/11/12,Tuesday,1,22,Male,Some other race,Rifle,0,1,0,1,0,1,Deceased,Deceased,Suicide,No,Retail/Wholesale/Services facility,Place of recreation,General public,Unknown,No,Unknown,MS,0
Newtown,Connecticut,27,2,0,0,28,29,12/14/12,Friday,1,20,Male,White American or European American,Multiple guns,0,1,2,3,0,3,Deceased,Deceased,Suicide,Yes,Primary school,Place of schooling,Students/Classmates/Teacher,Unknown,Yes,Unknown,SPK,1
Albuquerque,New Mexico,5,0,0,0,5,5,1/19/13,Saturday,1,15,Male,Some other race,Multiple guns,2,2,0,4,0,1,Custody,Custody,Not applicable,No,Residential home/Neighborhood,Place of residency,Family,Mental illness,Yes,Unknown,MS,1
Phoenix,Arizona,2,1,0,0,3,3,1/30/13,Wednesday,1,70,Male,White American or European American,Multiple guns,0,1,2,3,0,3,Deceased,Deceased,Suicide,No,Company/Factory/Office,Place of business/employment,Colleague/Workmate/Business acquaintance,Legal dispute,Unknown,Unknown,MS,0
Irvine,California,3,2,1,1,4,7,2/3/13,Sunday,1,33,Male,Black American or African American,Multiple guns,0,2,5,7,0,4,Escaped,Deceased,Not applicable,No,Residential home/Neighborhood,Place of business/employment,Colleague/Workmate/Business acquaintance,Terminated/Denied/Reprimanded,Yes,Yes,SPK,1
Ladera Ranch,California,3,3,0,0,4,6,2/19/13,Tuesday,1,20,Male,White American or European American,Shotgun,1,0,0,1,0,0,Deceased,Deceased,Suicide,No,Street/Highway,Place of residency,General public,Unknown,Yes,Unknown,MS,1
Federal Way,Washington,4,0,0,0,5,4,4/21/13,Sunday,1,27,Male,Black American or African American,Multiple guns,1,0,1,2,0,1,Deceased,Deceased,Killed,No,Residential home/Neighborhood,Place of residency,Romantic partner,Domestic dispute,Unknown,Unknown,MS,0
Manchester,Illinois,6,1,0,0,7,7,4/24/13,Wednesday,1,43,Male,White American or European American,Multiple guns,1,1,0,2,0,0,Deceased,Deceased,Killed,No,Residential home/Neighborhood,Place of residency,Romantic partner,Domestic dispute,Unknown,Unknown,MS,1
Santa Monica,California,5,3,0,0,6,8,6/7/13,Friday,1,23,Male,White American or European American,Multiple guns,0,1,1,2,0,1,Deceased,Deceased,Killed,No,Residential home/Neighborhood,Place of residency,Family,Mental illness,Yes,Unknown,SPK,1
Hialeah,Florida,6,0,0,0,7,6,7/26/13,Friday,1,42,Male,Some other race,Handgun,0,0,1,1,0,1,Deceased,Deceased,Killed,No,Residential home/Neighborhood,Place of residency,General public,Multiple motives,No,Unknown,MS,1
Salisbury,Pennsylvania,3,3,0,0,3,6,8/5/13,Monday,1,59,Male,White American or European American,Multiple guns,0,1,1,2,0,1,Custody,Custody,Not applicable,No,Government facility,Local government,Government,Legal dispute,No,Unknown,MS,1
Oklahoma City,Oklahoma,4,0,0,0,4,4,8/14/13,Wednesday,1,40,Male,White American or European American,Handgun,0,0,1,1,0,1,Custody,Custody,Not applicable,No,Residential home/Neighborhood,Place of residency,Family,Mental illness,Yes,Unknown,MS,0
Washington,District of Columbia,12,2,0,1,13,15,9/16/13,Monday,1,34,Male,Black American or African American,Multiple guns,1,0,1,2,0,1,Deceased,Deceased,Killed,No,Military facility,Place of business/employment,Colleague/Workmate/Business acquaintance,Mental illness,Yes,Yes,MS,1
Sparks,Nevada,1,2,0,0,2,3,10/21/13,Monday,1,12,Male,Some other race,Handgun,0,0,1,1,0,1,Deceased,Deceased,Suicide,Yes,Primary school,Place of schooling,Students/Classmates/Teacher,Harassment,Unknown,Unknown,MS,0
Spokane,Washington,1,4,0,0,2,5,11/11/71,Thursday,1,21,Male,White American or European American,Rifle,0,1,0,1,0,0,Deceased,Deceased,Killed,Yes,Place of worship,None,General public,Political/Religious ideals,Yes,Unknown,MS,1
Phoenix,Arizona,9,0,0,0,9,9,8/9/91,Friday,2,16.5,Male,Asian American/Some other race,Multiple guns,1,1,0,2,0,0,Custody,Custody,Not applicable,No,Place of worship,Place of residency,Racial/Religious group,Robbery,No,Yes,MS,1
Tyler,Texas,2,1,0,3,3,6,2/24/05,Thursday,1,43,Male,Some other race,Rifle,0,1,0,1,0,1,Deceased,Deceased,Killed,No,Government facility,Local government,Family,Domestic dispute,Unknown,Unknown,MS,1
Mohawk,New York,4,2,0,0,5,6,3/13/13,Wednesday,1,64,Male,White American or European American,Shotgun,1,0,0,1,0,0,Deceased,Deceased,Killed,No,Retail/Wholesale/Services facility,Place of residency,Colleague/Workmate/Business acquaintance,Financial dispute,No,Unknown,SPK,1
Los Angeles,California,0,1,1,2,1,4,11/1/13,Friday,1,23,Male,White American or European American,Rifle,0,1,0,1,0,1,Custody,Custody,Not applicable,No,Public transportation,None,Government,Political/Religious ideals,No,Unknown,MS,0
Dallas,Texas,4,4,0,0,4,8,8/7/13,Wednesday,1,44,Male,Black American or African American,Handgun,0,0,1,1,0,1,Custody,Custody,Not applicable,No,Residential home/Neighborhood,Place of residency,Romantic partner,Domestic dispute,Unknown,Yes,SPK,1
Montgomery,Alabama,3,5,0,0,3,8,12/28/13,Saturday,1,25,Male,Black American or African American,Handgun,0,0,2,2,0,2,Custody,Custody,Not applicable,No,Entertainment venue,Place of recreation,Social,Social dispute,No,Unknown,MS,1
San Francisco,California,0,8,0,0,0,8,3/23/14,Sunday,2,24.5,Male,Black American or African American,Handgun,0,0,1,1,0,1,Custody,Custody,Not applicable,No,Street/Highway,Place of recreation,General public,Social dispute,No,Unknown,MS,1
Killeen,Texas,3,16,0,0,4,19,4/2/14,Wednesday,1,34,Male,Some other race,Handgun,0,0,1,1,0,1,Deceased,Deceased,Suicide,No,Military facility,Place of business/employment,Government,Mental illness,Yes,Yes,MS,1
Kennesaw,Georgia,0,6,0,0,1,6,4/29/14,Tuesday,1,19,Male,White American or European American,Shotgun,1,0,0,1,0,0,Deceased,Deceased,Suicide,No,Company/Factory/Office,Place of business/employment,Colleague/Workmate/Business acquaintance,Unknown,No,Unknown,MS,1
Isla Vista,California,3,7,0,0,7,10,5/23/14,Friday,1,22,Male,White American or European American,Handgun,0,0,3,3,0,3,Deceased,Deceased,Suicide,Yes,Residential home/Neighborhood,Place of residency,Social,Multiple motives,Yes,Unknown,MS,1
Seattle,Washington,1,2,0,0,1,3,6/5/14,Thursday,1,26,Male,Some other race,Shotgun,1,0,0,1,0,0,Custody,Custody,Not applicable,Yes,College/University/Adult education,None,Students/Classmates/Teacher,Mental illness,Yes,Unknown,MS,0
Las Vegas,Nevada,1,0,2,0,5,3,6/8/14,Sunday,2,26.5,Male/Female,White American or European American,Multiple guns,0,1,1,2,0,2,Deceased,Deceased,Killed/Suicide,No,Retail/Wholesale/Services facility,None,Government,Political/Religious ideals,No,Unknown,MS,0
New Orleans,Louisiana,1,9,0,0,1,10,6/29/14,Sunday,1,20,Male,Two or more races,Handgun,0,0,2,2,0,2,Custody/Escaped,Custody/Escaped,Not applicable,No,Street/Highway,Place of recreation,Unknown,Social dispute,No,Unknown,MS,1
Albuquerque,New Mexico,1,3,0,0,2,4,8/8/14,Friday,1,46,Male,Some other race,Handgun,0,0,1,1,0,1,Deceased,Deceased,Suicide,No,Retail/Wholesale/Services facility,None,Social,Social dispute,No,Unknown,MS,0
Marysville,Washington,4,1,0,0,5,5,10/24/14,Tuesday,1,15,Male,Native American or Alaska Native,Handgun,0,0,1,1,0,1,Deceased,Deceased,Suicide,Yes,Secondary school,Place of schooling,Students/Classmates/Teacher,Rejection,No,Unknown,MS,1
Tallahassee,Florida,0,3,0,0,1,3,11/19/14,Thursday,1,31,Male,Black American or African American,Handgun,0,0,1,1,0,1,Deceased,Deceased,Killed,Yes,College/University/Adult education,Place of schooling,General public,Mental illness,Yes,Unknown,MS,0
Alturas,California,4,2,0,0,4,6,2/20/14,Thursday,1,44,Female,Native American or Alaska Native,Handgun,0,0,1,1,0,1,Custody,Custody,Not applicable,No,Government facility,Local government,Family,Legal dispute,No,Unknown,MS,1
Brookline,Massachusetts,2,5,0,0,2,7,12/30/94,Friday,1,22,Male,White American or European American,Rifle,0,1,0,1,0,1,Custody,Custody,Not applicable,No,Medical/Care,None,General public,Political/Religious ideals,Yes,Unknown,MS,1
Birmingham,Alabama,5,0,0,0,5,5,1/29/12,Sunday,3,17.7,Male,Black American or African American,Handgun,0,0,3,3,0,2,Custody,Custody,Not applicable,No,Residential home/Neighborhood,None,General public,Unknown,No,Unknown,MS,1
"Pennsburg, Souderton, Lansdale, Harleysville",Pennsylvania,6,1,0,0,7,7,12/15/14,Monday,1,35,Male,White American or European American,Handgun,0,0,2,2,0,1,Deceased,Deceased,Suicide,No,Residential home/Neighborhood,Place of residency,Family,Multiple motives,Yes,Yes,SPK,1
Memphis,Tennessee,0,5,0,0,0,5,1/1/15,Thursday,2,28,Male,Black American or African American,Unknown,Unknown,Unknown,Unknown,2,Unknown,Unknown,Custody,Custody,Not applicable,No,Public transportation,None,General public,Social dispute,No,Unknown,MS,1
Moscow,Idaho,3,1,0,0,3,4,1/10/15,Friday,1,29,Male,Asian American,Handgun,0,0,1,1,0,1,Custody,Custody,Not applicable,No,Residential home/Neighborhood,Place of residency,Family/Social,Unknown,No,Unknown,MS,0
New York City,New York,3,1,0,0,4,4,1/24/15,Saturday,1,34,Male,Black American or African American,Handgun,0,0,1,1,0,1,Deceased,Deceased,Suicide,No,Residential home/Neighborhood,Place of residency,Family,Domestic dispute,No,Unknown,FMS,0
LaGrange,Georgia,5,0,0,0,5,5,1/28/15,Wednesday,1,26,Male,White American or European American,Handgun,0,0,1,1,0,1,Escaped,Custody,Not applicable,No,Residential home/Neighborhood,Place of residency,Family,Unknown,No,Unknown,FMS,1
Omaha,Nebraska,3,5,0,0,3,8,1/24/15,Saturday,2,32,Male,Black American or African American,Unknown,Unknown,Unknown,Unknown,2,Unknown,Unknown,Custody/Escaped,Custody/Escaped,Not applicable,No,Street/Highway,Unknown,Unknown,Unknown,No,Unknown,GD,1
Chapel Hill,North Carolina,3,0,0,0,3,3,2/10/15,Tuesday,1,46,Male,White American or European American,Handgun,0,0,1,1,0,1,Custody,Custody,Not applicable,Yes,Residential home/Neighborhood,Place of residency,Racial/Religious group and Social,Multiple motives,No,Unknown,MS,0
Monroeville,Pennsylvania,0,3,0,0,0,3,2/7/15,Saturday,1,17,Male,Black American or African American,Handgun,0,0,1,1,0,1,Escaped,Custody,Not applicable,No,Retail/Wholesale/Services facility,Place of recreation,Social,Social dispute,No,Unknown,MS,0
New Port Richey,Florida,3,1,0,0,3,4,2/9/15,Monday,2,32,Male/Female,White American or European American/Some other Race,Unknown,Unknown,Unknown,Unknown,2,Unknown,Unknown,Custody,Custody,Not applicable,No,Residential home/Neighborhood,Unknown,Unknown,Drug use,No,Unknown,GD,0
Tyrone,Missouri,7,1,0,0,8,8,2/26/15,Friday,1,36,Male,White American or European American,Handgun,0,0,1,1,0,1,Deceased,Deceased,Suicide,No,Residential home/Neighborhood,Place of residency,Family/Social,Unknown,No,Unknown,SPK,1
Morgantown,West Virginia,4,0,0,0,5,4,12/1/14,Monday,1,39,Male,White American or European American,Handgun,0,0,1,1,0,0,Deceased,Deceased,Suicide,No,Residential home/Neighborhood,Place of residency,Social,Social dispute,No,Unknown,SPK,0
Douglasville,Georgia,4,2,0,0,5,6,2/7/15,Saturday,1,33,Male,Black American or African American,Handgun,0,0,1,1,Unknown,Unknown,Deceased,Deceased,Suicide,No,Residential home/Neighborhood,Place of residency,Family,Financial dispute,No,Unknown,FMS,1
Syracuse,New York,0,6,0,0,0,6,2/1/15,Sunday,1,22,Male,Black American or African American,Handgun,0,0,1,1,Unknown,Unknown,Custody,Custody,Not applicable,No,Entertainment venue,Place of recreation,Social,Rejection,No,Unknown,MS,1
Clarkesville,Georgia,2,0,0,2,3,4,2/22/15,Sunday,1,41,Male,White American or European American,Handgun,0,0,1,1,0,1,Deceased,Deceased,Killed,No,Residential home/Neighborhood,Place of residency,Family,Domestic dispute,No,Yes,MS,0
Killeen,Texas,3,1,0,0,4,4,2/22/15,Sunday,1,30,Male,Black American or African American,Unknown,Unknown,Unknown,Unknown,Unknown,Unknown,Unknown,Deceased,Deceased,Suicide,No,Residential home/Neighborhood,Place of residency,Family,Domestic dispute,No,Yes,FMS,0
Charlotte,North Carolina,3,0,0,0,3,3,2/24/15,Tuesday,1,19,Male,Some other race,Unknown,Unknown,Unknown,Unknown,Unknown,Unknown,Unknown,Custody,Custody,Not applicable,No,Residential home/Neighborhood,Place of residency,Social,Drug use,No,Unknown,GD,0
Birmingham,Alabama,1,2,0,0,1,3,2/27/15,Friday,2,18,Male,Black American or African American,Handgun,0,0,2,2,Unknown,Unknown,Custody,Custody,Not applicable,No,Park/Wildness,Place of recreation,Social,Social dispute,No,Unknown,MS,0
Tarboro,North Carolina,3,0,0,0,4,3,2/28/15,Saturday,1,40,Male,Black American or African American,Unknown,Unknown,Unknown,Unknown,1,Unknown,Unknown,Deceased,Deceased,Killed,No,Retail/Wholesale/Services facility /Residential home/Neighborhood,Place of business/employment Place of residency,Social,Unknown,Yes,Unknown,MS,0
Brookhaven,Mississippi,2,3,0,0,2,5,3/13/15,Friday,1,32,Male,Black American or African American,Handgun,0,0,1,1,0,1,Custody,Custody,Not applicable,No,Residential home/Neighborhood,Place of residency,Social,Social dispute,Unknown,Unknown,MS,1
Cottonwood,Alabama,2,1,0,0,3,3,3/15/15,Sunday,1,45,Male,White American or European American,Rifle,0,1,0,1,Unknown,Unknown,Deceased,Deceased,Suicide,No,Residential home/Neighborhood,Place of residency,Family,Domestic dispute,No,Unknown,FMS,0
Mesa,Arizona,1,5,0,0,1,6,3/18/15,Wednesday,1,41,Male,White American or European American,Unknown,Unknown,Unknown,Unknown,Unknown,Unknown,Unknown,Custody,Custody,Not applicable,No,Residential home/Neighborhood,Place of residency,Social,Drug use/Financial difficulties,No,Unknown,GD,1
Little Water,New Mexico,0,0,0,2,2,3,3/19/15,Thursday,1,24,Male,Unknown,Rifle,0,1,0,1,Unknown,Unknown,Deceased,Deceased,Killed,No,Street/Highway,None,Government,Domestic dispute,Unknown,Unknown,MS,0
Panama City Beach,Florida,0,7,0,0,0,7,3/28/15,Saturday,1,22,Male,Black American or African American,Handgun,0,0,1,1,Unknown,Unknown,Custody,Custody,Not applicable,No,Residential home/Neighborhood,Place of recreation,General public,Social dispute,No,Unknown,MS,1
Tulsa,Oklahoma,3,0,0,0,4,3,3/30/15,Monday,1,42,Male,Asian American,Handgun,0,0,1,1,Unknown,Unknown,Deceased,Deceased,Suicide,No,Residential home/Neighborhood,Place of residency,Family,Unknown,Unknown,Unknown,FMS,0
Daytona Beach,Florida,0,4,0,0,0,4,4/3/15,Friday,1,23,Male,Black American or African American,Handgun,0,0,1,1,0,1,Escaped,Custody,Not applicable,No,Residential home/Neighborhood,Place of recreation,Students/Classmates/Teacher,Rejection,No,Unknown,MS,0
Indianapolis,Indiana,0,5,0,0,0,5,4/5/15,Sunday,3,Unknown,Male,Unknown,Unknown,Unknown,Unknown,Unknown,Unknown,Unknown,Unknown,Escaped,Custody / Escaped,Not applicable,No,Residential home/Neighborhood,Place of residency,Social,Drug use/Financial difficulties,No,Unknown,GD,1
Rome,Georgia,1,3,0,0,1,4,4/7/15,Tuesday,2,Unknown,Male,Black American or African American,Handgun,0,0,1,1,Unknown,Unknown,Custody/Escaped,FALSE,Not applicable,No,Residential home/Neighborhood,Place of residency,General public,Robbery,No,Unknown,MS,0
Phoenix,Arizona,4,0,0,0,5,4,4/16/15,Thursday,1,50,Male,Some other race,Handgun,0,0,1,1,0,1,Deceased,Deceased,Suicide,No,Residential home/Neighborhood,Place of residency,Family,Domestic dispute,Unknown,Unknown,FMS,0
Killeen,Texas,2,3,0,0,2,5,4/21/15,Tuesday,1,35,Male,Black American or African American,Unknown,Unknown,Unknown,Unknown,Unknown,Unknown,Unknown,Custody,Custody,Not applicable,No,Residential home/Neighborhood,Place of residency,Social,Unknown,Unknown,Unknown,MS,1
Gates,New York,1,6,0,0,1,7,4/25/15,Saturday,1,31,Male,Black American or African American,Handgun,0,0,1,1,Unknown,Unknown,Custody,Custody,Not applicable,No,Restaurant/Cafe?,Place of recreation,Social,Unknown,Unknown,Unknown,MS,1
Milwaukee,Wisconsin,2,3,0,0,2,5,5/1/15,Friday,1,24,Male,Unknown,Unknown,Unknown,Unknown,Unknown,Unknown,Unknown,Unknown,Custody,Custody,Not applicable,No,Residential home/Neighborhood,Place of residency,Family,Domestic dispute,No,Unknown,MS,1
Menasha,Wisconsin,3,1,0,0,4,4,5/3/15,Sunday,1,27,Male,Unknown,Handgun,0,0,2,2,Unknown,1,Deceased,Deceased,Suicide,No,Park/Wildness,Place of recreation,General public,Domestic dispute,Yes,Yes,MS,0
Tucson,Arizona,4,0,0,0,5,4,5/12/15,Tuesday,1,25,Male,Unknown,Unknown,Unknown,Unknown,Unknown,1,Unknown,Unknown,Deceased,Deceased,Suicide,No,Residential home/Neighborhood,Place of residency,Family,Mental illness,Yes,Unknown,FMS,0
Decatur,Illinois,1,4,0,0,1,5,5/25/15,Monday,1,18,Male,Black American or African American,Unknown,Unknown,Unknown,Unknown,Unknown,Unknown,Unknown,Custody,Custody,Not applicable,No,Entertainment venue,Place of recreation,Social/General public,Unknown,Unknown,Unknown,MS,1
Cleveland,Ohio,2,1,0,0,3,3,5/31/15,Sunday,1,30,Male,Unknown,Handgun,0,0,1,1,Unknown,Unknown,Deceased,Deceased,Suicide,No,Residential home/Neighborhood,Place of residency,"Romantic partner, and her family",Domestic dispute,Unknown,Unknown,FMS,0
Conyers,Georgia,2,2,0,0,3,4,5/31/15,Sunday,1,36,Male,White American or European American,Multiple guns,0,1,1,2,Unknown,Unknown,Deceased,Deceased,Killed,No,Retail/Wholesale/Services facility /Residential home/Neighborhood,Place of business/employment Place of residency,Family/General public,Unknown,Unknown,Unknown,MS,0
Deer Lodge,Montana,4,0,0,0,5,4,6/7/15,Sunday,1,59,Male,White American or European American,Handgun,0,0,1,1,1,0,Deceased,Deceased,Suicide,No,Residential home/Neighborhood,Place of residency,Family,Domestic dispute,Unknown,Unknown,FMS,0
Charleston,South Carolina,9,0,0,0,9,9,6/17/15,Wednesday,1,21,Male,White American or European American,Handgun,0,0,1,1,1,0,Custody,Custody,Not applicable,No,Place of worship,None,Racial/Religious group,Race,Unknown,Unknown,MS,1
Morven,North Carolina,0,4,0,0,0,4,6/20/15,Saturday,1,32,Male,Black American or African American/Unknown,Multiple guns,Unknown,Unknown,1,Unknown,Unknown,Unknown,Escaped,Custody,Not applicable,No,Entertainment venue,Place of recreation,General public,Unknown,Unknown,Unknown,MS,0
Newark,New Jersey,1,3,0,0,1,4,5/10/15,Sunday,1,17.5,Male,Black American or African American,Unknown,Unknown,Unknown,Unknown,Unknown,Unknown,Unknown,Custody,Custody,Not applicable,No,Street/Highway,Place of recreation,General public,Social dispute,Unknown,Unknown,MS,0
Miami Gardens,Florida,0,4,0,0,0,4,6/16/15,Tuesday,1,21,Male,Black American or African American,Unknown,Unknown,Unknown,Unknown,1,Unknown,Unknown,Custody,Custody,Not applicable,No,Residential home/Neighborhood,Place of recreation,Social,Social dispute,Unknown,Unknown,MS,0
River Forest,Illinois,1,1,0,2,2,4,7/12/15,Sunday,1,24,Male,Unknown,Shotgun,1,0,0,1,Unknown,Unknown,Deceased,Deceased,Killed,No,Residential home/Neighborhood,Place of residency,Family/Government,Unknown,Unknown,Unknown,MS,0
Chattanooga,Tennessee,4,2,0,1,5,7,7/16/15,Thursday,1,24,Male,White American or European American,Multiple guns,0,1,1,2,Unknown,1,Deceased,Deceased,Killed,No,Military facility,None,Government,Unknown,Yes,Unknown,MS,1
Suwanee,Georgia,3,1,0,0,4,4,7/22/15,Wednesday,1,32,Male,White American or European American,Unknown,Unknown,Unknown,Unknown,1,Unknown,Unknown,Deceased,Deceased,Suicide,No,Residential home/Neighborhood,Place of residency,Family,Domestic dispute,Unknown,Unknown,FMS,0
Lafayette,Louisiana,2,9,0,0,3,11,7/23/15,Thursday,1,59,Male,White American or European American,Handgun,0,0,1,1,0,1,Deceased,Deceased,Suicide,No,Entertainment venue,Place of recreation,General public,Gender,Yes,Unknown,MS,1
Houston,Texas,8,0,0,0,8,8,8/8/15,Saturday,1,48,Male,Black American or African American,Handgun,0,0,1,1,Unknown,Unknown,Custody,Custody,Not applicable,No,Residential home/Neighborhood,Place of residency,Former domestic partner and her family,Domestic dispute,Unknown,Unknown,MS,1
Rochester,New York,3,4,0,0,3,7,8/19/15,Wednesday,2,20.5,Male,Black American or African American,Rifle,0,1,0,1,0,1,Escaped,Custody,Not applicable,No,Street/Highway,Place of recreation,General public,Unknown,Unknown,Unknown,GD,1
Roanoke,Virginia,2,1,0,0,3,3,8/26/15,Wednesday,1,41,Male,Black American or African American,Handgun,0,0,1,1,Unknown,Unknown,Deceased,Deceased,Suicide,No,Retail/Wholesale/Services facility,Place of business/employment,Colleague/Workmate/Business acquaintance,Multiple motives,Unknown,Unknown,MS,0
Bristol,Tennessee,3,1,0,0,3,4,8/29/15,Saturday,1,19,Male,White American or European American,Rifle,0,1,0,1,0,1,Custody,Custody,Not applicable,No,Residential home/Neighborhood,Place of residency,Family,Unknown,Unknown,Yes,MS,0
Clearbrook,Minnesota,4,0,0,0,5,4,9/10/15,Thursday,1,45,Male,White American or European American,Shotgun,1,0,0,1,Unknown,Unknown,Deceased,Deceased,Suicide,No,Residential home/Neighborhood,Residential home/Neighborhood,Family,Multiple motives,Yes,Unknown,FMS,0
Platte,South Dakota,5,0,0,0,6,5,9/17/15,Thursday,1,41,Male,White American or European American,Shotgun,1,0,0,1,Unknown,Unknown,Deceased,Deceased,Suicide,No,Residential home/Neighborhood,Residential home/Neighborhood,Family,Financial difficulties,Unknown,Unknown,FMS,1
Roseburg,Oregon,9,7,0,0,10,16,10/1/15,Thursday,1,26,Male,Two or more races,Multiple guns,0,1,5,6,Unknown,Unknown,Deceased,Deceased,Suicide,Yes,College/University/Adult education,Place of schooling,Students/Classmates/Teacher,Unknown,Unknown,Yes,MS,1
Flagstaff,Arizona,1,3,0,0,1,4,10/9/15,Friday,1,18,Male,White American or European American,Handgun,0,0,1,1,Unknown,Unknown,Custody,Custody,Not applicable,Yes,College/University/Adult education,Place of schooling,Students/Classmates/Teacher,Unknown,Unknown,Unknown,MS,0
King,North Carolina,3,0,0,0,4,3,2/4/15,Wednesday,1,35,Male,White American or European American,Handgun,0,0,1,1,0,1,Deceased,Deceased,Suicide,No,Residential home/Neighborhood,Place of residency,Family,Domestic dispute,Unknown,Unknown,FMS,0
Greenville,Georgia,0,10,0,0,0,10,9/27/15,Sunday,2,21,Male,Black American or African American,Multiple guns,Unknown,Unknown,1,2,Unknown,Unknown,Custody,Custody,Not applicable,No,Entertainment venue,Place of recreation,Social,Financial dispute,Unknown,Unknown,MS,1
Township of Colerain,Ohio,2,1,0,0,2,3,10/21/15,Wednesday,1,21,Male,White American or European American,Handgun,0,0,1,1,Unknown,Unknown,Custody,Custody,Not applicable,No,Residential home/Neighborhood,Place of residency,Family,Domestic dispute,Unknown,Unknown,MS,0
Colorado Springs,Colorado,3,0,0,0,4,3,10/31/15,Saturday,1,33,Male,White American or European American,Multiple guns,0,1,2,3,Unknown,1,Deceased,Deceased,Killed,No,Street/Highway,None,General public,Unknown,Unknown,Unknown,MS,0
Oakland,Maine,3,0,0,0,4,3,11/4/15,Wednesday,1,42,Male,Unknown,Handgun,0,0,1,1,Unknown,Unknown,Deceased,Deceased,Suicide,No,Residential home/Neighborhood,Place of residency,Romantic partner and Family,Unknown,Unknown,Unknown,MS,0
Inglis,Florida,2,1,0,0,3,3,10/1/15,Thursday,1,57,Male,White American or European American,Unknown,Unknown,Unknown,Unknown,2,Unknown,Unknown,Deceased,Deceased,Suicide,No,Residential home/Neighborhood,Place of residency,Family,Terminated/Denied/Reprimanded,Unknown,Unknown,FMS,0
Waycross,Georgia,1,2,0,0,1,3,11/7/15,Saturday,1,30,Male,Black American or African American,Unknown,Unknown,Unknown,Unknown,Unknown,Unknown,Unknown,Escaped,Custody,Not applicable,No,Residential home/Neighborhood,Place of residency,Romantic partner and Family,Unknown,Yes,Yes,MS,0
Jacksonville,Florida,3,1,0,0,4,4,11/13/15,Friday,1,28,Male,Black American or African American,Unknown,Unknown,Unknown,Unknown,1,Unknown,Unknown,Deceased,Deceased,Suicide,No,Residential home/Neighborhood,Place of residency,Family,Domestic dispute,Unknown,Yes,FMS,0
Tennessee Colony,Texas,6,0,0,0,6,6,11/15/15,Sunday,1,33,Male,White American or European American,Unknown,Unknown,Unknown,Unknown,1,Unknown,Unknown,Custody,Custody,Not applicable,No,Park/Wildness,Place of recreation,None,Unknown,Unknown,Unknown,MS,1
Columbus,Ohio,3,1,0,0,4,4,11/23/15,Monday,1,50,Male,White American or European American,Handgun,0,0,1,1,Unknown,Unknown,Deceased,Deceased,Killed,No,Residential home/Neighborhood,Place of residency,Social,Unknown,Unknown,Unknown,MS,0
Minneapolis,Minnesota,0,5,0,0,0,5,11/23/15,Monday,4,24,Male,White American or European American,Unknown,Unknown,Unknown,Unknown,Unknown,Unknown,Unknown,Custody,Custody,Not applicable,No,Street/Highway,None,Racial/Religious group,Race,Unknown,Unknown,MS,1
Colorado Springs,Colorado,3,9,0,0,3,12,11/27/15,Friday,1,57,Male,White American or European American,Rifle,0,1,0,1,Unknown,Unknown,Custody,Custody,Not applicable,No,Medical/Care,None,General public,Political/Religious ideals,Unknown,Unknown,MS,1
San Bernardino,California,14,21,0,0,16,35,12/2/15,Wednesday,2,27.5,Male/Female,Asian American,Multiple guns,0,2,2,4,0,4,Deceased,Deceased,Killed,No,Medical/Care,Place of recreation,Colleague/Workmate/Business acquaintance,Political/Religious ideals,Unknown,Unknown,MS,1
Omaha,Nebraska,2,3,0,0,2,5,12/6/15,Sunday,1,23,Male,Black American or African American,Unknown,Unknown,Unknown,Unknown,1,Unknown,Unknown,Escaped,Custody,Not applicable,No,Residential home/Neighborhood,Place of residency,Romantic partner,Unknown,Unknown,Unknown,MS,1
Chesapeake,Virginia,5,0,0,0,6,5,1/27/16,Wednesday,1,26,Male,White American or European American,Handgun,0,0,1,1,Unknown,Unknown,Deceased,Deceased,Suicide,No,Residential home/Neighborhood,Place of residency,Family,Unknown,Yes,Unknown,FMS,1
Orlando,Florida,2,10,0,0,2,12,2/7/16,Sunday,1,23,Male,Some other race,Handgun,0,0,1,1,Unknown,Unknown,Custody,Custody,Not applicable,No,Entertainment venue,Place of recreation,General public,Social dispute,Unknown,Unknown,MS,1
Iuka,Mississippi,0,0,1,3,2,4,2/20/16,Saturday,1,45,Male,White American or European American,Rifle,0,1,0,1,Unknown,Unknown,Deceased,Deceased,Killed,No,Residential home/Neighborhood,Place of residency,Government,Domestic dispute,Unknown,Unknown,MS,0
Kalamazoo,Michigan,6,2,0,0,6,8,2/20/16,Saturday,1,45,Male,White American or European American,Handgun,0,0,1,1,0,1,Custody,,Not applicable,No,"Residential home/Neighborhood, Retail/ Wholesale/Services facility",None,General public,Unknown,Unknown,Unknown,MS,1
Glendale,Arizona,4,0,0,0,5,4,2/23/16,Tuesday,1,26,Male,Two or more races,Unknown,Unknown,Unknown,Unknown,1,Unknown,Unknown,Deceased,Deceased,Not applicable,Killed,Residential home/Neighborhood,Place of residency,Family,Unknown,Yes,Unknown,MS,0
Hesston,Kansas,3,14,0,0,4,17,2/25/16,Thursday,1,38,Male,Black American or African American,Multiple guns,0,1,1,2,Unknown,1,Killed,Deceased,Not applicable,No,Company/Factory/Office,Place of business/employment,Colleague/Workmate/Business acquaintance,Unknown,Unknown,Unknown,MS,1
Belfair,Washington,4,0,0,0,5,4,2/26/16,Friday,1,51,Male,White American or European American,Handgun,0,0,1,1,Unknown,Unknown,Deceased,Deceased,Suicide,No,Residential home/Neighborhood,Place of residency,Family,Unknown,Unknown,Unknown,FMS,0
Woodbridge,Virginia,1,0,1,2,2,4,2/27/16,Saturday,1,32,Male,Black American or African American,Rifle,0,1,0,1,Unknown,Unknown,Custody,Custody,Not applicable,No,Residential home/Neighborhood,Place of residency,"Family, Government",Domestic dispute,Unknown,Yes,MS,0
Chelsea,Massachusetts,1,6,0,0,1,7,3/6/16,Sunday,1,16,Male,Unknown,Unknown,Unknown,Unknown,Unknown,1,Unknown,Unknown,Custody,Custody,Not applicable,No,Residential home/Neighborhood,Place of recreation,Unknown,Unknown,Unknown,Unknown,MS,1
Kansas City,Kansas,5,0,0,0,5,5,3/7/16,Monday,1,40,Male,Some other race,Rifle,0,1,0,1,Unknown,Unknown,Custody,Custody,Not applicable,No,Residential home/Neighborhood,Place of residency,Social,Unknown,Unknown,Unknown,MS,1
Pittsburgh,Pennsylvania,6,3,0,0,6,9,3/9/16,Wednesday,2,Unknown,Male,Unknown,Multiple guns,Unknown,1,1,2,Unknown,Unknown,Escaped,Custody,Not applicable,No,Residential home/Neighborhood,Place of recreation,Unknown,Unknown,Unknown,Unknown,MS,1
Plantation,Florida,1,4,0,0,1,5,3/19/16,Saturday,Unknown,Unknown,Unknown,Unknown,Unknown,Unknown,Unknown,Unknown,Unknown,Unknown,Unknown,Escaped,Escaped,Not applicable,No,Residential home/Neighborhood,Place of recreation,Unknown,Unknown,Unknown,Unknown,MS,1
Louisville,Kentucky,3,0,0,0,4,3,3/20/16,Sunday,1,33,Male,White American or European American,Unknown,Unknown,Unknown,Unknown,Unknown,Unknown,Unknown,Deceased,Deceased,Suicide,No,Residential home/Neighborhood,Place of residency,Family,Unknown,Unknown,Yes,FMS,0
Sherman,Texas,3,0,0,0,4,3,3/21/16,Monday,1,36,Male,Unknown,Unknown,Unknown,Unknown,Unknown,Unknown,Unknown,Unknown,Deceased,Deceased,Suicide,No,Residential home/Neighborhood,Place of residency,Family,Unknown,Unknown,Unknown,FMS,0
Lawrenceburg,Tennessee,1,2,0,0,2,3,3/25/16,Friday,1,49,Male,Unknown,Shotgun,1,0,0,1,Unknown,Unknown,Deceased,Deceased,Suicide,No,Residential home/Neighborhood,Place of residency,Family,Unknown,Unknown,Unknown,FMS,0
Louisburg,North Carolina,3,0,0,0,3,3,3/26/16,Saturday,1,Unknown,Male,Black American or African American,Unknown,Unknown,Unknown,Unknown,Unknown,Unknown,Unknown,Escaped,,Not applicable,No,Residential home/Neighborhood,Place of residency,Unknown,Robbery,Unknown,Unknown,MS,0
Richmond,Virginia,1,2,0,0,2,3,3/31/16,Thursday,1,34,Male,Black American or African American,Handgun,0,0,1,1,0,1,Deceased,Deceased,Killed,No,Public transportation,None,Government,Unknown,Unknown,Unknown,MS,0
Lakeland,Florida,3,1,0,0,3,4,1/6/16,Wednesday,2,30.5,Male,Black American or African American,Unknown,Unknown,Unknown,Unknown,Unknown,Unknown,Unknown,Custody,Custody,Not Applicable,No,Residential home/Neighborhood,Place of business/employment,Unknown,"Drug use, Robbery",Unknown,Unknown,GD,0
Memphis,Tennessee,1,3,0,0,1,4,1/7/16,Thursday,2,Unknown,Unknown,Unknown,Unknown,Unknown,Unknown,Unknown,Unknown,Unknown,Unknown,Escaped,Escaped,Not Applicable,No,Street/Highway,None,Unknown,Unknown,Unknown,Unknown,MS,0
Wilmington,Delaware,0,4,0,0,1,4,1/11/16,Monday,2,20.5,Male,Black American or African American,Unknown,Unknown,Unknown,Unknown,Unknown,Unknown,Unknown,Escaped,Deceased,Killed,No,Residential home/Neighborhood,Unknown,,Robbery,Unknown,Unknown,MS,0
Ware Neck,Virginia,1,3,0,0,1,4,1/17/16,Sunday,1,18,Male,Black American or African American,Unknown,Unknown,Unknown,Unknown,Unknown,Unknown,Unknown,Custody,Custody,Not Applicable,No,Residential home/Neighborhood,Place of residency,Social,Unknown,Unknown,Unknown,MS,0
Crestview,Florida,3,0,0,0,3,3,1/23/16,Saturday,1,22,Male,White American or European American,Unknown,Unknown,Unknown,Unknown,Unknown,Unknown,Unknown,Custody,Custody,Not applicable,No,Residential home/Neighborhood,Place of residency,Family,Multiple motives,Unknown,No,MS,0
Los Angeles,California,2,2,0,0,2,4,1/23/16,Saturday,Unknown,Unknown,Unknown,Unknown,Rifle,Unknown,Unknown,Unknown,Unknown,Unknown,Unknown,Escaped,Escaped,Not applicable,No,Street/Highway,Unknown,Unknown,Unknown,Unknown,Unknown,MS,0
Perris,California,1,4,0,0,1,5,1/25/16,Monday,Unknown,Unknown,Male,Unknown,Unknown,Unknown,Unknown,Unknown,Unknown,Unknown,Unknown,Escaped,Escaped,Not applicable,No,Restaurant/Cafe√©,Unknown,Unknown,Unknown,Unknown,Unknown,MS,1
Chesapeake,Virginia,5,0,0,0,6,5,1/27/16,Wednesday,1,26,Male,White American or European American,handgun,0,0,1,1,0,0,Deceased,Deceased,Suicide,No,Residential home/Neighborhood,Place of Residency,Family,Unknown,Unknown,Unknown,FMS,1
Caroline,Virginia,1,2,0,0,2,3,1/29/16,Friday,1,42,Male,Unknown,Unknown,Unknown,Unknown,Unknown,Unknown,Unknown,Unknown,Deceased,Deceased,Suicide,No,Residential home/Neighborhood,Place of Residency,Family,Domestic Dispute,Unknown,Unknown,FMS,0
Glendale,Arizona,3,5,0,0,3,8,1/30/16,Saturday,Unknown,Unknown,Male,Unknown,Unknown,Unknown,Unknown,Unknown,Unknown,Unknown,Unknown,Escaped,Escaped,Not applicable,Unknown,Residential home/Neighborhood,,Social,Social Dispute,Unknown,Unknown,MS,1
New Orleans,Louisiana,0,3,0,0,0,3,1/31/16,Sunday,1,39,Male,Black American or African American,Unknown,Unknown,Unknown,Unknown,1,Unknown,Unknown,Custody,Custody,Not Applicable,No,Street/Highway,None,Unknown,Social Dispute,Unknown,Unknown,MS,0
Tampa,Florida,2,6,0,0,2,8,2/6/16,Saturday,1,Unknown,Unknown,Unknown,Unknown,Unknown,Unknown,Unknown,Unknown,Unknown,Unknown,Escaped,Escaped,Not Applicable,No,Entertainment Venue,Unknown,Unknown,Social Dispute,Unknown,Unknown,MS,1
Los Angeles,California,1,3,0,0,1,4,2/6/16,Saturday,Unknown,Unknown,Unknown,Unknown,Unknown,Unknown,Unknown,Unknown,Unknown,Unknown,Unknown,Escaped,Escaped,Not Applicable,No,Street/Highway,Unknown,Unknown,Unknown,Unknown,Unknown,MS,0
Uvalde,Texas,3,0,0,0,4,3,2/6/16,Saturday,1,19,Male,White American or European American,Unknown,Unknown,Unknown,Unknown,Unknown,Unknown,Unknown,Deceased,Deceased,Suicide,No,Residential home/Neighborhood,Place of Residency,Family,Unknown,Unknown,Unknown,FMS,0
Rochester,New York,1,7,0,0,1,8,2/7/16,Sunday,Unknown,Unknown,Unknown,Unknown,Unknown,Unknown,Unknown,Unknown,Unknown,Unknown,Unknown,Escaped,Escaped,Not Applicable,No,Entertainment Venue,Unknown,Unknown,Social Dispute,Unknown,Unknown,MS,1
Muskegon Heights,Michigan,0,3,0,0,0,3,2/9/16,Tuesday,1,21,Male,Black American or African American,Handgun,0,0,1,1,0,1,Custody,Custody,Not Applicable,Yes,Secondary School,Unknown,Unknown,Social Dispute,Unknown,Unknown,MS,0
Vallejo,California,2,2,0,0,2,4,2/19/16,Friday,2,Unknown,Unknown,Unknown,Unknown,Unknown,Unknown,Unknown,Unknown,Unknown,Unknown,Escaped,Escaped,Not Applicable,No,Street/Highway,Unknown,Unknown,Unknown,Unknown,Unknown,MS,0
Tampa,Florida,1,3,0,0,1,4,2/20/16,Saturday,1,Unknown,Unknown,Unknown,Unknown,Unknown,Unknown,Unknown,Unknown,Unknown,Unknown,Escaped,Escaped,Not Applicable,No,Entertainment Venue,Unknown,Unknown,Social Dispute,Unknown,Unknown,MS,0
Kalamazoo,Michigan,6,2,0,0,6,8,2/20/16,Saturday,1,45,Male,White American or European American,Multiple Guns,0,0,2,2,0,1,Custody,Custody,Not Applicable,No,Street/Highway,None,General Public,Unknown,No,Unknown,MS,1
Hazelwood,Missouri,1,3,0,0,1,4,2/21/16,Sunday,4,21.25,Male,Black American or African American,Unknown,Unknown,Unknown,Unknown,Unknown,Unknown,Unknown,Escaped,Custody,Not Applicable,Unknown,Street/Highway,Unknown,Romantic Partner,Social Dispute,Unknown,Unknown,MS,0
Houston,Texas,0,5,0,0,0,5,2/21/16,Sunday,Unknown,Unknown,Unknown,Unknown,Unknown,Unknown,Unknown,Unknown,Unknown,Unknown,Unknown,Escaped,Escaped,Not Applicable,Unknown,Street/Highway,Unknown,General Public,Unknown,Unknown,Unknown,MS,1
Phoenix,Arizona,4,0,0,0,5,4,2/23/16,Tuesday,1,26,Male,White American or European American,Unknown,Unknown,Unknown,Unknown,1,Unknown,Unknown,Deceased,Deceased,Killed,No,Residential home/Neighborhood,Place of residency,Family,Unknown,Unknown,Unknown,MS,0
Belfair,Washington,4,0,0,0,5,4,2/25/16,Friday,1,51,Male,White American or European American,Handgun,0,0,1,1,0,0,Deceased,Deceased,Suicide,No,Residential home/Neighborhood,Place of residency,Family,Unknown,Unknown,Unknown,FMS,0
Detroit,Michigan,0,5,0,0,0,5,2/28/16,Sunday,1,Unknown,Male,Black American or African American,Handgun,Unknown,Unknown,Unknown,1,Unknown,Unknown,Escaped,Escaped,Not Applicable,No,Entertainment Venue,Unknown,Unknown,Social dispute,Unknown,Unknown,MS,1
Jurupa Valley,California,1,3,0,0,1,4,2/28/16,Sunday,1,24,Male,Some other race,Unknown,Unknown,Unknown,Unknown,1,Unknown,Unknown,Escaped,Custody,Not Applicable,Unknown,Restaurant/cafe,Unknown,Unknown,Unknown,Unknown,Unknown,MS,0
Wichita,Kansas,0,4,0,0,0,4,3/5/16,Saturday,Unknown,Unknown,Unknown,Unknown,Unknown,Unknown,Unknown,Unknown,Unknown,Unknown,Unknown,Escaped,Escaped,Not Applicable,No,Entertainment Venue,Unknown,Unknown,Unknown,Unknown,Unknown,MS,0
Chelsea,Massachusetts,1,6,0,0,1,7,3/6/16,Sunday,1,16,Male,Some other race,Unknown,Unknown,Unknown,Unknown,1,Unknown,Unknown,Escaped,Custody,Not Applicable,Unknown,Residential home/Neighborhood,Unknown,Social,Unknown,Unknown,Unknown,MS,1
Roswell,Georgia,0,4,0,0,0,4,3/6/16,Sunday,1,39,Male,Black American or African American,Unknown,Unknown,Unknown,Unknown,1,Unknown,Unknown,Custody,Custody,Not Applicable,No,Entertainment Venue,Unknown,General Public,,Unknown,Unknown,MS,0
Lafayette,Louisiana,0,4,0,0,0,4,3/7/16,Monday,Unknown,Unknown,Unknown,Unknown,Unknown,Unknown,Unknown,Unknown,Unknown,Unknown,Unknown,Escaped,Escaped,Not Applicable,Unknown,Street/Highway,Unknown,Unknown,Unknown,Unknown,Unknown,MS,0
Kansas City,Kansas,4,0,0,0,4,4,3/7/16,Monday,1,40,Male,Some other race,Rifle,0,1,0,1,0,0,Escaped,Custody,Not Applicable,No,Residential home/Neighborhood,Place of Residency,General Public,Unknown,Unknown,Unknown,MS,0
Wilkinsburg,Pennsylvania,5,3,0,0,5,8,3/9/16,Wednesday,2,Unknown,Male,Unknown,Multiple Guns,0,1,1,2,0,0,Escaped,Escaped,Not Applicable,No,Residential home/Neighborhood,Unknown,Unknown,Unknown,Unknown,Unknown,MS,1
Trenton,New Jersey,0,5,0,0,0,5,3/11/16,Friday,1,Unknown,Unknown,Unknown,Handgun,0,0,1,1,0,0,Escaped,Escaped,Not Applicable,No,Street/Highway,Unknown,General Public,Unknown,Unknown,Unknown,MS,1
Detroit,Michigan,2,2,0,0,2,4,3/11/16,Friday,Unknown,Unknown,Unknown,Unknown,Multiple Guns,0,1,1,2,0,0,Escaped,Escaped,Not Applicable,No,Residential home/Neighborhood,Unknown,Unknown,Unknown,Unknown,Unknown,MS,0
Elberton,Georgia,1,2,0,0,2,3,3/12/16,Saturday,1,49,Male,Unknown,Unknown,Unknown,Unknown,Unknown,Unknown,Unknown,Unknown,Deceased,Deceased,Suicide,No,Residential home/Neighborhood,Place of residency,Romantic Partner,Domestic Dispute,Unknown,Unknown,FMS,0
Fort Myers,Florida,0,4,0,0,0,4,3/13/16,Sunday,Unknown,Unknown,Unknown,Unknown,Unknown,Unknown,Unknown,Unknown,Unknown,Unknown,Unknown,Escaped,Escaped,Not Applicable,Unknown,Park/Wilderness,Unknown,Unknown,Unknown,Unknown,Unknown,MS,0
Atlanta,Georgia,0,4,0,0,0,4,3/15/16,Tuesday,Unknown,Unknown,Unknown,Unknown,Multiple Guns,Unknown,Unknown,Unknown,Unknown,Unknown,Unknown,Escaped,Escaped,Not Applicable,No,Entertainment Venue,Unknown,General Public,Social dispute,Unknown,Unknown,MS,0
Wetumpka,Alabama,2,2,0,0,2,4,3/19/16,Saturday,1,32,Male,Black American or African American,Handgun,0,0,1,1,0,0,Escaped,Custody,Not Applicable,No,Street/Highway,Unknown,Family,Unknown,Unknown,Unknown,MS,0
Plantation,Florida,1,4,0,0,1,5,3/19/16,Saturday,1,Unknown,Unknown,Unknown,Unknown,Unknown,Unknown,Unknown,1,Unknown,Unknown,Escaped,Escaped,Not Applicable,No,Residential home/Neighborhood,Unknown,General Public,Unknown,Unknown,Unknown,MS,1
Louisville,Kentucky,3,0,0,0,4,3,3/20/16,Sunday,1,33,Male,White American or European American,Unknown,Unknown,Unknown,Unknown,1,Unknown,Unknown,Deceased,Deceased,Suicide,No,Residential home/Neighborhood,Place of residency,Family,Unknown,Yes,Yes,FMS,0
Sherman,Texas,3,0,0,0,4,3,3/21/16,Monday,1,36,Male,White American or European American,Unknown,Unknown,Unknown,Unknown,1,Unknown,Unknown,Deceased,Deceased,Suicide,No,Residential home/Neighborhood,Place of residency,Family,Unknown,Unknown,Unknown,FMS,0
Greenhill,Alabama,1,2,0,0,2,3,3/25/16,Friday,1,49,Male,White American or European American,Unknown,Unknown,Unknown,Unknown,1,Unknown,Unknown,Deceased,Deceased,Suicide,No,Residential home/Neighborhood,Place of residency,Family,Unknown,Yes,Unknown,FMS,0
Albuquerque,New Mexico,2,1,0,0,3,3,4/1/16,Friday,1,58,Male,Asian American,Unknown,Unknown,Unknown,Unknown,Unknown,Unknown,Unknown,Deceased,Deceased,Suicide,No,Restaurant/Cafe,Place of Business/employment,Family,Unknown,Unknown,Unknown,FMS,0
Chicago,Illinois,0,5,0,0,0,5,4/7/16,Thursday,1,Unknown,Unknown,Unknown,Unknown,Unknown,Unknown,Unknown,Unknown,Unknown,Unknown,Escaped,Escaped,Not Applicable,Unknown,Street/Highway,Unknown,Unknown,Unknown,Unknown,Unknown,MS,1
Albuquerque,New Mexico,0,4,0,0,0,4,4/9/16,Saturday,1,19,Male,White American or European American,Handgun,0,0,1,0,0,0,Custody,Custody,Not applicable,No,Residential home/Neighborhood,Place of residency,General Public,Social dispute,Unknown,Unknown,MS,0
Memphis,Tennessee,0,4,0,0,0,4,4/9/16,Saturday,1,Unknown,Unknown,Unknown,Unknown,Unknown,Unknown,Unknown,1,Unknown,Unknown,Escaped,Escaped,Not Applicable,Unknown,Street/Highway,Unknown,Unknown,Unknown,Unknown,Unknown,MS,0
Long Beach,California,1,3,0,0,0,4,4/18/16,Monday,1,Unknown,Unknown,Unknown,Unknown,Unknown,Unknown,Unknown,Unknown,Unknown,Unknown,Escaped,Escaped,Not Applicable,Unknown,Street/Highway,Unknown,Unknown,Unknown,Unknown,Unknown,MS,0
Chicago,Illinois,1,4,0,0,1,5,4/19/16,Tuesday,1,Unknown,Unknown,Unknown,Unknown,Unknown,Unknown,Unknown,Unknown,Unknown,Unknown,Escaped,Escaped,Not Applicable,Unknown,Park/Wilderness,Unknown,Unknown,Unknown,Unknown,Unknown,MS,1
Katy,Texas,4,0,0,0,4,4,4/19/16,Tuesday,1,37,Male,White American or European American,Unknown,Unknown,Unknown,Unknown,Unknown,Unknown,Unknown,Deceased,Deceased,Suicide,No,Residential Home/Neighborhood,Place of residency,Family,Unknown,Unknown,Unknown,FMS,0
Brooksville,Alabama,0,4,0,0,1,4,4/19/16,Tuesday,1,38,Male,White American or European American,Multiple guns,1,0,1,2,0,0,Deceased,Deceased,Killed,No,Street/Highway,Unknown,General Public,Unknown,Yes,Unknown,MS,0
Baltimore,Maryland,0,4,0,0,0,4,4/21/16,Thursday,1,20,Male,Black American or African American,handgun,0,0,1,1,0,0,Escaped,Custody,Not Applicable,No,Residential Home/Neighborhood,Unknown,Social,Social Dispute,Unknown,Unknown,MS,0
Halifax,Virginia,0,6,0,0,0,6,4/24/16,Sunday,1,50,Male,Black American or African American,Unknown,Unknown,Unknown,Unknown,Unknown,Unknown,Unknown,Deceased,Deceased,Suicide,no,Residential home/Neighborhood,Place of residency,Family,Domestic Dispute,Unknown,Unknown,FMS,1
Forestville,Maryland,1,4,0,0,1,5,4/26/16,Tuesday,1,Unknown,Unknown,Unknown,Unknown,Unknown,Unknown,Unknown,Unknown,Unknown,Unknown,Escaped,Escaped,Not Applicable,Unknown,Street/Highway,Unknown,Unknown,Unknown,Unknown,Unknown,MS,1
Ferguson,Missouri,0,4,0,0,0,4,4/29/16,Friday,Unknown,Unknown,Unknown,Unknown,Unknown,Unknown,Unknown,Unknown,Unknown,Unknown,Unknown,Escaped,Escaped,Not Applicable,No,Residential home/Neighborhood,Unknown,Unknown,Social Dispute,Unknown,Unknown,MS,0
Appling,Georgia,5,0,0,0,6,5,4/22/16,Friday,,50,Male,Black American or African American,Unknown,Unknown,Unknown,Unknown,Unknown,Unknown,Unknown,Deceased,Deceased,Suicide,No,Residential Home/Neighborhood,Place of residency,Family,Unknown,Unknown,Unknown,SPK,1
Auburn,Alabama,3,1,0,0,3,4,4/23/16,Saturday,,33,Male,Black American or African American,Unknown,Unknown,Unknown,Unknown,Unknown,Unknown,Unknown,Arrested,Arrested,Not Apllicable,No,Entertainment Venue,Unknown,Unknown,Social Dispute,Unknown,Unknown,MS,0
Nashville,Tennessee,0,4,0,0,0,4,4/25/16,Monday,,16,Male,Black American or African American,Unknown,Unknown,Unknown,Unknown,Unknown,Unknown,Unknown,Escaped,Arrested,Not Applicable,Unknown,Public Transportation,Unknown,Unknown,Unknown,Unknown,Unknown,MS,0
Murfreesboro,Tennessee,5,0,0,0,0,5,5/1/16,Sunday,1,Unknown,Unknown,Unknown,Unknown,Unknown,Unknown,Unknown,Unknown,Unknown,Unknown,Escaped,Escaped,Not Applicable,No,Residential home/Neighborhood,Unknown,Social Dispute,social Dispute,Unknown,Unknown,MS,1
Green Cove Springs,Florida,3,0,0,0,4,3,5/3/16,Tuesday,1,40,Male,White American or European American,Unknown,Unknown,Unknown,Unknown,Unknown,Unknown,Unknown,Deceased,Deceased,Suicide,No,Company/Factory/Office,Place of business/employment,Romantic Partner,Domestic Dispute,Unknown,Unknown,MS,0
Katy,Texas,1,2,0,0,2,3,5/4/16,Wednesday,1,65,Male,White American or European American,Shotgun,1,0,0,1,0,0,Deceased,Deceased,Suicide,No,Company/Factory/Office,Place of business/employment,Colleague/Workmate/Business acquaintance,Terminated,Unknown,Unknown,MS,0
Shreveport,Louisiana,2,6,0,0,2,8,5/5/16,Thursday,Unknown,Unknown,Unknown,Unknown,Semi-Automatic Rifle,Unknown,Unknown,Unknown,Unknown,Unknown,Unknown,Escaped,Escaped,Not applicable,No,Company/Factory/Office,Unknown,Unknown,Unknown,Unknown,Unknown,MS,1
Allapattah,Florida,1,3,0,0,1,4,5/5/16,Thursday,Unknown,Unknown,Unknown,Unknown,Unknown,Unknown,Unknown,Unknown,Unknown,Unknown,Unknown,Escaped,Escaped,Not Applicable,No,Street/Highway,Unknown,Unknown,Unknown,Unknown,Unknown,MS,0
Bethesda,Maryland,3,3,0,0,3,6,5/6/16,Friday,1,62,Male,Some Other Race,Handgun,0,0,1,1,0,0,Custody,Custody,Not Applicable,No,Secondary School,,Shooter targetted his wife and then random people.,,Unknown,Unknown,SPK,1
Montgomery,Alabama,1,3,0,0,1,4,5/6/16,Friday,Unknown,Unknown,Unknown,Unknown,Unknown,Unknown,Unknown,Unknown,Unknown,Unknown,Unknown,Escaped,Escaped,Not Applicable,No,Unknown,Unknown,Unknown,Unknown,Unknown,Unknown,MS,0
Detroit,Michigan,1,4,0,0,1,5,5/6/16,Friday,1,Unknown,Male,Black American or African American,Unknown,Unknown,Unknown,Unknown,Unknown,Unknown,Unknown,Escaped,Escaped,Not Applicable,No,Unknown,Unknown,Unknown,Unknown,Unknown,Unknown,MS,1
Austin,Texas,1,3,0,0,1,4,5/8/16,Sunday,1,42,Male,Some Other Race,Shotgun,1,0,0,1,0,0,Escaped,Custody,Not Applicable,No,Restaurant/cafe,Unknown,General Public,Social Dispute,Unknown,Unknown,MS,0
Birmingham,Alabama,1,4,0,0,1,5,5/11/16,Wednesday,1,36,Male,Black American or African American,Rifle,0,1,0,1,0,0,Escaped,Custody,Not Applicable,No,Residential home,Place of residency,Family,Domestic Dispute,Unknown,Unknown,MS,1
Chicago,Illinois,0,5,0,0,0,5,5/11/16,Wednesday,1,Unknown,Male,Unknown,Unknown,Unknown,Unknown,Unknown,Unknown,Unknown,Unknown,Escaped,Escaped,Not Applicable,No,Unknown,Unknown,Unknown,Unknown,Unknown,Unknown,MS,1
Chicago,Illinois,3,0,0,0,4,3,5/12/16,Thursday,1,29,Male,Black American or African American,Unknown,Unknown,Unknown,1,Unknown,Unknown,Unknown,Deceased,Deceased,Suicide,No,Residential home,Place of residency,Romantic Partner,Unknown,Unknown,Unknown,FMS,0
Phoenix,Arizona,1,0,0,2,0,3,5/14/16,Saturday,1,43,Male,Some Other Race,Unknown,Unknown,Unknown,Unknown,Unknown,Unknown,Unknown,Custody,Custody,Not Applicable,No,Residential home,Place of residency,Romantic Partner,Unknown,Unknown,Unknown,MS,0
Moultrie,Georgia,5,0,0,0,5,5,5/15/16,Sunday,1,25,Male,White American or European American,Unknown,Unknown,Unknown,Unknown,Unknown,Unknown,Unknown,Custody,Custody,Not Applicable,No,Residential home,Place of residency,Social,Unknown,Unknown,Unknown,MS,1
Ravenel,South Carolina,3,1,0,0,3,4,5/17/16,Tuesday,1,23,Male,Black American or African American,Handgun,0,0,1,1,0,0,Custody,Custody,Not Applicable,No,Residential home,Place of residency,Romantic Partner,Domestic Dispute,Unknown,Unknown,MS,0
Jackson,Georgia,1,3,0,0,1,4,5/18/16,Wednesday,2,19,Male,Black American or African American,Unknown,Unknown,Unknown,Unknown,Unknown,Unknown,Unknown,Escaped,Custody,Not Applicable,Yes,Residential home,Place of residency,Social,Unknown,Unknown,Unknown,MS,0
Stockton,California,1,3,0,0,1,4,5/21/16,Saturday,1,21,Male,White American or European American,Unknown,Unknown,Unknown,Unknown,Unknown,Unknown,Unknown,Escaped,Custody,Not Applicable,No,Street/Highway,Unknown,Unknown,Unknown,Unknown,Unknown,MS,0
New York City,New York,1,2,0,0,1,3,5/25/16,Wednesday,1,33,Male,Black American or African American,9-mm,Handgun,0,1,1,0,0,Escaped,Custody,Not Applicable,No,Entertainment venue,Unknown,Social,Social Dispute,Unknown,Unknown,MS,0
Las Vegas,Nevada,0,4,0,0,0,4,5/29/16,Sunday,2,26,Male,Black American or African American,Handgun,0,0,1,1,0,0,Escaped,Arrested,Not Applicable,No,Street/Highway,None,General Public,Social Dispute,Unknown,Unknown,MS,0
Houston,Texas,1,4,0,2,2,7,5/29/16,Sunday,1,25,Male,Some Other Race,Multiple Guns,0,1,1,2,0,1,Deceased,Deceased,Suicide,No,Retail/Wholesale/Services facility,None,General Public,Unknown,Yes,Yes,MS,1
Fort Wayne,Indiana,0,4,0,0,0,4,5/31/16,Tuesday,Unknown,Unknown,Unknown,Unknown,Unknown,Unknown,Unknown,Unknown,Unknown,Unknown,Unknown,Escaped,Escaped,Not Applicable,No,Residential home/Neighborhood,Unknown,Unknown,Unknown,Unknown,Unknown,MS,0
Cape Coral,Florida,2,3,0,0,3,5,6/7/16,Tuesday,1,31,Male,White American or European American,Shotgun,1,0,0,1,0,0,Deceased,Deceased,Killed,No,Street/Highway,Unknown,General Public,Unknown,Unknown,Unknown,MS,1
Webster,Minnesota,0,4,0,0,0,4,6/11/16,Saturday,Unknown,Unknown,Unknown,Unknown,Unknown,Unknown,Unknown,Unknown,Unknown,Unknown,Unknown,Escaped,Escaped,Not Applicable,No,Residential home/Neighborhood,Unknown,A social altercation led to the shooting.,Social Dispute,Unknown,Unknown,MS,0
Orlando,Florida,49,52,0,1,50,102,6/12/16,Sunday,1,29,Male,Some other race,Multiple guns,0,1,1,2,0,2,Deceased,Deceased,Killed,No,Entertainment venue,Place of Recreation,General public,Multiple motives,No,No,MS,1
Lyman,South Carolina,0,3,0,0,0,3,6/26/16,Sunday,1,32,Male,Black American or African American,Handgun,0,0,1,1,0,0,Custody,Custody,Not Applicable,No,Entertainment Venue,Unknown,A social altercation led to the shooting.,Social Dispute,Unknown,Unknown,MS,0
